"","V1"
"inaug_GeorgeWashington_1_2",5
"inaug_GeorgeWashington_1_3",5
"inaug_GeorgeWashington_1_4",5
"inaug_GeorgeWashington_1_5",5
"inaug_GeorgeWashington_1_6",5
"inaug_GeorgeWashington_1_7",5
"inaug_GeorgeWashington_1_8",5
"inaug_GeorgeWashington_1_9",1
"inaug_GeorgeWashington_1_10",1
"inaug_GeorgeWashington_1_11",1
"inaug_GeorgeWashington_1_12",1
"inaug_GeorgeWashington_1_13",14
"inaug_GeorgeWashington_1_14",14
"inaug_GeorgeWashington_1_15",14
"inaug_GeorgeWashington_1_16",14
"inaug_GeorgeWashington_1_17",5
"inaug_GeorgeWashington_1_18",5
"inaug_GeorgeWashington_1_19",3
"inaug_GeorgeWashington_1_20",4
"inaug_GeorgeWashington_1_21",8
"inaug_GeorgeWashington_1_22",1
"inaug_GeorgeWashington_1_23",1
"inaug_GeorgeWashington_1_24",14
"inaug_GeorgeWashington_1_25",14
"inaug_GeorgeWashington_1_26",5
"inaug_GeorgeWashington_1_27",5
"inaug_GeorgeWashington_1_28",5
"inaug_GeorgeWashington_1_29",1
"inaug_GeorgeWashington_1_30",1
"inaug_JohnAdams_1_2",2
"inaug_JohnAdams_1_3",3
"inaug_JohnAdams_1_4",2
"inaug_JohnAdams_1_5",2
"inaug_JohnAdams_1_6",5
"inaug_JohnAdams_1_7",5
"inaug_JohnAdams_1_8",1
"inaug_JohnAdams_1_9",1
"inaug_JohnAdams_1_10",1
"inaug_JohnAdams_1_11",3
"inaug_JohnAdams_1_12",5
"inaug_JohnAdams_1_13",14
"inaug_JohnAdams_1_14",14
"inaug_JohnAdams_1_15",14
"inaug_JohnAdams_1_16",5
"inaug_JohnAdams_1_17",5
"inaug_JohnAdams_1_18",14
"inaug_JohnAdams_1_19",3
"inaug_JohnAdams_1_20",3
"inaug_JohnAdams_1_21",8
"inaug_JohnAdams_1_22",8
"inaug_JohnAdams_1_23",2
"inaug_JohnAdams_1_24",1
"inaug_JohnAdams_1_25",3
"inaug_JohnAdams_1_26",5
"inaug_JohnAdams_1_27",1
"inaug_JohnAdams_1_28",3
"inaug_JohnAdams_1_29",3
"inaug_JohnAdams_1_30",3
"inaug_JohnAdams_1_31",5
"inaug_JohnAdams_1_32",5
"inaug_JohnAdams_1_33",5
"inaug_JohnAdams_1_34",5
"inaug_JohnAdams_1_35",14
"inaug_JohnAdams_1_36",14
"inaug_JohnAdams_1_37",8
"inaug_JohnAdams_1_38",2
"inaug_JohnAdams_1_39",12
"inaug_JohnAdams_1_40",2
"inaug_JohnAdams_1_41",5
"inaug_JohnAdams_1_42",5
"inaug_JohnAdams_1_43",5
"inaug_JohnAdams_1_44",13
"inaug_JohnAdams_1_45",3
"inaug_JohnAdams_1_46",3
"inaug_JohnAdams_1_47",3
"inaug_JohnAdams_1_48",3
"inaug_JohnAdams_1_49",3
"inaug_JohnAdams_1_50",3
"inaug_JohnAdams_1_51",5
"inaug_JohnAdams_1_52",5
"inaug_JohnAdams_1_53",5
"inaug_JohnAdams_1_54",5
"inaug_ThomasJefferson_1_2",5
"inaug_ThomasJefferson_1_3",5
"inaug_ThomasJefferson_1_4",5
"inaug_ThomasJefferson_1_5",5
"inaug_ThomasJefferson_1_6",10
"inaug_ThomasJefferson_1_7",10
"inaug_ThomasJefferson_1_8",2
"inaug_ThomasJefferson_1_9",2
"inaug_ThomasJefferson_1_10",2
"inaug_ThomasJefferson_1_11",2
"inaug_ThomasJefferson_1_12",2
"inaug_ThomasJefferson_1_13",2
"inaug_ThomasJefferson_1_14",2
"inaug_ThomasJefferson_1_15",14
"inaug_ThomasJefferson_1_16",2
"inaug_ThomasJefferson_1_17",2
"inaug_ThomasJefferson_1_18",1
"inaug_ThomasJefferson_1_19",1
"inaug_ThomasJefferson_1_20",1
"inaug_ThomasJefferson_1_21",1
"inaug_ThomasJefferson_1_22",3
"inaug_ThomasJefferson_1_23",2
"inaug_ThomasJefferson_1_24",1
"inaug_ThomasJefferson_1_25",2
"inaug_ThomasJefferson_1_26",2
"inaug_ThomasJefferson_1_27",2
"inaug_ThomasJefferson_1_28",2
"inaug_ThomasJefferson_1_29",3
"inaug_ThomasJefferson_1_30",5
"inaug_ThomasJefferson_1_31",5
"inaug_ThomasJefferson_1_32",5
"inaug_ThomasJefferson_1_33",5
"inaug_ThomasJefferson_1_34",5
"inaug_ThomasJefferson_1_35",5
"inaug_ThomasJefferson_1_36",5
"inaug_ThomasJefferson_1_37",8
"inaug_ThomasJefferson_1_38",2
"inaug_ThomasJefferson_1_39",2
"inaug_ThomasJefferson_1_40",11
"inaug_ThomasJefferson_1_41",12
"inaug_ThomasJefferson_1_42",2
"inaug_ThomasJefferson_1_43",2
"inaug_ThomasJefferson_1_44",2
"inaug_ThomasJefferson_1_45",1
"inaug_ThomasJefferson_1_46",1
"inaug_ThomasJefferson_1_47",1
"inaug_ThomasJefferson_1_48",1
"inaug_ThomasJefferson_1_49",1
"inaug_ThomasJefferson_1_50",8
"inaug_ThomasJefferson_1_51",8
"inaug_ThomasJefferson_1_52",8
"inaug_ThomasJefferson_1_53",8
"inaug_ThomasJefferson_1_54",5
"inaug_ThomasJefferson_1_55",5
"inaug_ThomasJefferson_1_56",5
"inaug_ThomasJefferson_1_57",5
"inaug_ThomasJefferson_1_58",5
"inaug_ThomasJefferson_1_59",5
"inaug_ThomasJefferson_1_60",5
"inaug_ThomasJefferson_1_61",5
"inaug_ThomasJefferson_1_62",5
"inaug_ThomasJefferson_1_63",10
"inaug_JohnQuincyAdams_1_2",5
"inaug_JohnQuincyAdams_1_3",1
"inaug_JohnQuincyAdams_1_4",2
"inaug_JohnQuincyAdams_1_5",2
"inaug_JohnQuincyAdams_1_6",11
"inaug_JohnQuincyAdams_1_7",11
"inaug_JohnQuincyAdams_1_8",1
"inaug_JohnQuincyAdams_1_9",14
"inaug_JohnQuincyAdams_1_10",14
"inaug_JohnQuincyAdams_1_11",14
"inaug_JohnQuincyAdams_1_12",14
"inaug_JohnQuincyAdams_1_13",14
"inaug_JohnQuincyAdams_1_14",4
"inaug_JohnQuincyAdams_1_15",14
"inaug_JohnQuincyAdams_1_16",14
"inaug_JohnQuincyAdams_1_17",2
"inaug_JohnQuincyAdams_1_18",2
"inaug_JohnQuincyAdams_1_19",2
"inaug_JohnQuincyAdams_1_20",11
"inaug_JohnQuincyAdams_1_21",13
"inaug_JohnQuincyAdams_1_22",13
"inaug_JohnQuincyAdams_1_23",13
"inaug_JohnQuincyAdams_1_24",13
"inaug_JohnQuincyAdams_1_25",1
"inaug_JohnQuincyAdams_1_26",1
"inaug_JohnQuincyAdams_1_27",2
"inaug_JohnQuincyAdams_1_28",14
"inaug_JohnQuincyAdams_1_29",8
"inaug_JohnQuincyAdams_1_30",8
"inaug_JohnQuincyAdams_1_31",8
"inaug_JohnQuincyAdams_1_32",8
"inaug_JohnQuincyAdams_1_33",1
"inaug_JohnQuincyAdams_1_34",2
"inaug_JohnQuincyAdams_1_35",2
"inaug_JohnQuincyAdams_1_36",2
"inaug_JohnQuincyAdams_1_37",1
"inaug_JohnQuincyAdams_1_38",1
"inaug_JohnQuincyAdams_1_39",5
"inaug_JohnQuincyAdams_1_40",2
"inaug_JohnQuincyAdams_1_41",2
"inaug_JohnQuincyAdams_1_42",2
"inaug_JohnQuincyAdams_1_43",2
"inaug_JohnQuincyAdams_1_44",3
"inaug_JohnQuincyAdams_1_45",1
"inaug_JohnQuincyAdams_1_46",1
"inaug_JohnQuincyAdams_1_47",1
"inaug_JohnQuincyAdams_1_48",1
"inaug_JohnQuincyAdams_1_49",1
"inaug_JohnQuincyAdams_1_50",1
"inaug_JohnQuincyAdams_1_51",5
"inaug_JohnQuincyAdams_1_52",2
"inaug_JohnQuincyAdams_1_53",2
"inaug_JohnQuincyAdams_1_54",2
"inaug_JohnQuincyAdams_1_55",2
"inaug_JohnQuincyAdams_1_56",2
"inaug_JohnQuincyAdams_1_57",2
"inaug_JohnQuincyAdams_1_58",2
"inaug_JohnQuincyAdams_1_59",2
"inaug_JohnQuincyAdams_1_60",2
"inaug_JohnQuincyAdams_1_61",1
"inaug_JohnQuincyAdams_1_62",2
"inaug_JohnQuincyAdams_1_63",2
"inaug_JohnQuincyAdams_1_64",2
"inaug_JohnQuincyAdams_1_65",2
"inaug_JohnQuincyAdams_1_66",3
"inaug_JohnQuincyAdams_1_67",2
"inaug_JohnQuincyAdams_1_68",2
"inaug_JohnQuincyAdams_1_69",3
"inaug_JohnQuincyAdams_1_70",3
"inaug_JohnQuincyAdams_1_71",3
"inaug_JohnQuincyAdams_1_72",5
"inaug_JohnQuincyAdams_1_73",3
"inaug_JohnQuincyAdams_1_74",3
"inaug_JohnQuincyAdams_1_75",3
"inaug_JohnQuincyAdams_1_76",3
"inaug_JohnQuincyAdams_1_77",3
"inaug_JohnQuincyAdams_1_78",13
"inaug_JohnQuincyAdams_1_79",13
"inaug_JohnQuincyAdams_1_80",3
"inaug_JohnQuincyAdams_1_81",3
"inaug_JohnQuincyAdams_1_82",3
"inaug_JohnQuincyAdams_1_83",9
"inaug_JohnQuincyAdams_1_84",3
"inaug_JohnQuincyAdams_1_85",1
"inaug_JohnQuincyAdams_1_86",1
"inaug_JohnQuincyAdams_1_87",1
"inaug_JohnQuincyAdams_1_88",9
"inaug_JohnQuincyAdams_1_89",13
"inaug_JohnQuincyAdams_1_90",13
"inaug_JohnQuincyAdams_1_91",13
"inaug_JohnQuincyAdams_1_92",9
"inaug_JohnQuincyAdams_1_93",2
"inaug_JohnQuincyAdams_1_94",1
"inaug_JohnQuincyAdams_1_95",7
"inaug_JohnQuincyAdams_1_96",10
"inaug_JohnQuincyAdams_1_97",14
"inaug_JohnQuincyAdams_1_98",14
"inaug_JohnQuincyAdams_1_99",14
"inaug_JohnQuincyAdams_1_100",12
"inaug_JohnQuincyAdams_1_101",10
"inaug_JohnQuincyAdams_1_102",13
"inaug_JohnQuincyAdams_1_103",14
"inaug_JohnQuincyAdams_1_104",2
"inaug_JohnQuincyAdams_1_105",5
"inaug_JohnQuincyAdams_1_106",1
"inaug_JohnQuincyAdams_1_107",5
"inaug_JohnQuincyAdams_1_108",5
"inaug_JohnQuincyAdams_1_109",5
"inaug_JohnQuincyAdams_1_110",5
"inaug_JohnQuincyAdams_1_111",5
"inaug_AndrewJackson_1_2",12
"inaug_AndrewJackson_1_3",12
"inaug_AndrewJackson_1_4",14
"inaug_AndrewJackson_1_5",14
"inaug_AndrewJackson_1_6",14
"inaug_AndrewJackson_1_7",3
"inaug_AndrewJackson_1_8",14
"inaug_AndrewJackson_1_9",1
"inaug_AndrewJackson_1_10",1
"inaug_AndrewJackson_1_11",1
"inaug_AndrewJackson_1_12",1
"inaug_AndrewJackson_1_13",1
"inaug_AndrewJackson_1_14",3
"inaug_AndrewJackson_1_15",7
"inaug_AndrewJackson_1_16",7
"inaug_AndrewJackson_1_17",7
"inaug_AndrewJackson_1_18",3
"inaug_AndrewJackson_1_19",8
"inaug_AndrewJackson_1_20",3
"inaug_AndrewJackson_1_21",3
"inaug_AndrewJackson_1_22",3
"inaug_AndrewJackson_1_23",1
"inaug_AndrewJackson_1_24",1
"inaug_AndrewJackson_1_25",1
"inaug_AndrewJackson_1_26",5
"inaug_AndrewJackson_1_27",5
"inaug_WilliamHenryHarrison_1_2",14
"inaug_WilliamHenryHarrison_1_3",14
"inaug_WilliamHenryHarrison_1_4",14
"inaug_WilliamHenryHarrison_1_5",14
"inaug_WilliamHenryHarrison_1_6",14
"inaug_WilliamHenryHarrison_1_7",5
"inaug_WilliamHenryHarrison_1_8",5
"inaug_WilliamHenryHarrison_1_9",5
"inaug_WilliamHenryHarrison_1_10",5
"inaug_WilliamHenryHarrison_1_11",14
"inaug_WilliamHenryHarrison_1_12",14
"inaug_WilliamHenryHarrison_1_13",14
"inaug_WilliamHenryHarrison_1_14",2
"inaug_WilliamHenryHarrison_1_15",14
"inaug_WilliamHenryHarrison_1_16",14
"inaug_WilliamHenryHarrison_1_17",14
"inaug_WilliamHenryHarrison_1_18",14
"inaug_WilliamHenryHarrison_1_19",14
"inaug_WilliamHenryHarrison_1_20",12
"inaug_WilliamHenryHarrison_1_21",2
"inaug_WilliamHenryHarrison_1_22",14
"inaug_WilliamHenryHarrison_1_23",2
"inaug_WilliamHenryHarrison_1_24",12
"inaug_WilliamHenryHarrison_1_25",12
"inaug_WilliamHenryHarrison_1_26",1
"inaug_WilliamHenryHarrison_1_27",14
"inaug_WilliamHenryHarrison_1_28",14
"inaug_WilliamHenryHarrison_1_29",14
"inaug_WilliamHenryHarrison_1_30",14
"inaug_WilliamHenryHarrison_1_31",14
"inaug_WilliamHenryHarrison_1_32",14
"inaug_WilliamHenryHarrison_1_33",14
"inaug_WilliamHenryHarrison_1_34",14
"inaug_WilliamHenryHarrison_1_35",14
"inaug_WilliamHenryHarrison_1_36",14
"inaug_WilliamHenryHarrison_1_37",14
"inaug_WilliamHenryHarrison_1_38",14
"inaug_WilliamHenryHarrison_1_39",14
"inaug_WilliamHenryHarrison_1_40",14
"inaug_WilliamHenryHarrison_1_41",14
"inaug_WilliamHenryHarrison_1_42",14
"inaug_WilliamHenryHarrison_1_43",14
"inaug_WilliamHenryHarrison_1_44",14
"inaug_WilliamHenryHarrison_1_45",14
"inaug_WilliamHenryHarrison_1_46",14
"inaug_WilliamHenryHarrison_1_47",14
"inaug_WilliamHenryHarrison_1_48",5
"inaug_WilliamHenryHarrison_1_49",5
"inaug_WilliamHenryHarrison_1_50",5
"inaug_WilliamHenryHarrison_1_51",5
"inaug_WilliamHenryHarrison_1_52",14
"inaug_WilliamHenryHarrison_1_53",14
"inaug_WilliamHenryHarrison_1_54",1
"inaug_WilliamHenryHarrison_1_55",14
"inaug_WilliamHenryHarrison_1_56",14
"inaug_WilliamHenryHarrison_1_57",14
"inaug_WilliamHenryHarrison_1_58",14
"inaug_WilliamHenryHarrison_1_59",14
"inaug_WilliamHenryHarrison_1_60",2
"inaug_WilliamHenryHarrison_1_61",14
"inaug_WilliamHenryHarrison_1_62",14
"inaug_WilliamHenryHarrison_1_63",14
"inaug_WilliamHenryHarrison_1_64",14
"inaug_WilliamHenryHarrison_1_65",14
"inaug_WilliamHenryHarrison_1_66",14
"inaug_WilliamHenryHarrison_1_67",14
"inaug_WilliamHenryHarrison_1_68",14
"inaug_WilliamHenryHarrison_1_69",14
"inaug_WilliamHenryHarrison_1_70",14
"inaug_WilliamHenryHarrison_1_71",14
"inaug_WilliamHenryHarrison_1_72",14
"inaug_WilliamHenryHarrison_1_73",14
"inaug_WilliamHenryHarrison_1_74",14
"inaug_WilliamHenryHarrison_1_75",14
"inaug_WilliamHenryHarrison_1_76",14
"inaug_WilliamHenryHarrison_1_77",14
"inaug_WilliamHenryHarrison_1_78",14
"inaug_WilliamHenryHarrison_1_79",14
"inaug_WilliamHenryHarrison_1_80",14
"inaug_WilliamHenryHarrison_1_81",14
"inaug_WilliamHenryHarrison_1_82",14
"inaug_WilliamHenryHarrison_1_83",14
"inaug_WilliamHenryHarrison_1_84",14
"inaug_WilliamHenryHarrison_1_85",14
"inaug_WilliamHenryHarrison_1_86",14
"inaug_WilliamHenryHarrison_1_87",14
"inaug_WilliamHenryHarrison_1_88",14
"inaug_WilliamHenryHarrison_1_89",14
"inaug_WilliamHenryHarrison_1_90",14
"inaug_WilliamHenryHarrison_1_91",1
"inaug_WilliamHenryHarrison_1_92",1
"inaug_WilliamHenryHarrison_1_93",1
"inaug_WilliamHenryHarrison_1_94",1
"inaug_WilliamHenryHarrison_1_95",2
"inaug_WilliamHenryHarrison_1_96",2
"inaug_WilliamHenryHarrison_1_97",2
"inaug_WilliamHenryHarrison_1_98",14
"inaug_WilliamHenryHarrison_1_99",14
"inaug_WilliamHenryHarrison_1_100",14
"inaug_WilliamHenryHarrison_1_101",14
"inaug_WilliamHenryHarrison_1_102",14
"inaug_WilliamHenryHarrison_1_103",14
"inaug_WilliamHenryHarrison_1_104",14
"inaug_WilliamHenryHarrison_1_105",14
"inaug_WilliamHenryHarrison_1_106",14
"inaug_WilliamHenryHarrison_1_107",14
"inaug_WilliamHenryHarrison_1_108",14
"inaug_WilliamHenryHarrison_1_109",14
"inaug_WilliamHenryHarrison_1_110",14
"inaug_WilliamHenryHarrison_1_111",14
"inaug_WilliamHenryHarrison_1_112",14
"inaug_WilliamHenryHarrison_1_113",14
"inaug_WilliamHenryHarrison_1_114",14
"inaug_WilliamHenryHarrison_1_115",14
"inaug_WilliamHenryHarrison_1_116",14
"inaug_WilliamHenryHarrison_1_117",14
"inaug_WilliamHenryHarrison_1_118",14
"inaug_WilliamHenryHarrison_1_119",14
"inaug_WilliamHenryHarrison_1_120",8
"inaug_WilliamHenryHarrison_1_121",8
"inaug_WilliamHenryHarrison_1_122",1
"inaug_WilliamHenryHarrison_1_123",14
"inaug_WilliamHenryHarrison_1_124",14
"inaug_WilliamHenryHarrison_1_125",14
"inaug_WilliamHenryHarrison_1_126",14
"inaug_WilliamHenryHarrison_1_127",14
"inaug_WilliamHenryHarrison_1_128",14
"inaug_WilliamHenryHarrison_1_129",14
"inaug_WilliamHenryHarrison_1_130",14
"inaug_WilliamHenryHarrison_1_131",14
"inaug_WilliamHenryHarrison_1_132",14
"inaug_WilliamHenryHarrison_1_133",14
"inaug_WilliamHenryHarrison_1_134",14
"inaug_WilliamHenryHarrison_1_135",14
"inaug_WilliamHenryHarrison_1_136",14
"inaug_WilliamHenryHarrison_1_137",2
"inaug_WilliamHenryHarrison_1_138",2
"inaug_WilliamHenryHarrison_1_139",2
"inaug_WilliamHenryHarrison_1_140",2
"inaug_WilliamHenryHarrison_1_141",12
"inaug_WilliamHenryHarrison_1_142",12
"inaug_WilliamHenryHarrison_1_143",12
"inaug_WilliamHenryHarrison_1_144",1
"inaug_WilliamHenryHarrison_1_145",12
"inaug_WilliamHenryHarrison_1_146",12
"inaug_WilliamHenryHarrison_1_147",12
"inaug_WilliamHenryHarrison_1_148",12
"inaug_WilliamHenryHarrison_1_149",12
"inaug_WilliamHenryHarrison_1_150",12
"inaug_WilliamHenryHarrison_1_151",12
"inaug_WilliamHenryHarrison_1_152",12
"inaug_WilliamHenryHarrison_1_153",12
"inaug_WilliamHenryHarrison_1_154",14
"inaug_WilliamHenryHarrison_1_155",2
"inaug_WilliamHenryHarrison_1_156",2
"inaug_WilliamHenryHarrison_1_157",2
"inaug_WilliamHenryHarrison_1_158",2
"inaug_WilliamHenryHarrison_1_159",2
"inaug_WilliamHenryHarrison_1_160",2
"inaug_WilliamHenryHarrison_1_161",2
"inaug_WilliamHenryHarrison_1_162",2
"inaug_WilliamHenryHarrison_1_163",2
"inaug_WilliamHenryHarrison_1_164",12
"inaug_WilliamHenryHarrison_1_165",12
"inaug_WilliamHenryHarrison_1_166",12
"inaug_WilliamHenryHarrison_1_167",14
"inaug_WilliamHenryHarrison_1_168",2
"inaug_WilliamHenryHarrison_1_169",2
"inaug_WilliamHenryHarrison_1_170",2
"inaug_WilliamHenryHarrison_1_171",2
"inaug_WilliamHenryHarrison_1_172",2
"inaug_WilliamHenryHarrison_1_173",2
"inaug_WilliamHenryHarrison_1_174",2
"inaug_WilliamHenryHarrison_1_175",2
"inaug_WilliamHenryHarrison_1_176",2
"inaug_WilliamHenryHarrison_1_177",2
"inaug_WilliamHenryHarrison_1_178",2
"inaug_WilliamHenryHarrison_1_179",3
"inaug_WilliamHenryHarrison_1_180",1
"inaug_WilliamHenryHarrison_1_181",1
"inaug_WilliamHenryHarrison_1_182",9
"inaug_WilliamHenryHarrison_1_183",12
"inaug_WilliamHenryHarrison_1_184",5
"inaug_WilliamHenryHarrison_1_185",5
"inaug_WilliamHenryHarrison_1_186",5
"inaug_WilliamHenryHarrison_1_187",5
"inaug_WilliamHenryHarrison_1_188",5
"inaug_WilliamHenryHarrison_1_189",14
"inaug_WilliamHenryHarrison_1_190",8
"inaug_WilliamHenryHarrison_1_191",2
"inaug_WilliamHenryHarrison_1_192",8
"inaug_WilliamHenryHarrison_1_193",11
"inaug_WilliamHenryHarrison_1_194",14
"inaug_WilliamHenryHarrison_1_195",14
"inaug_WilliamHenryHarrison_1_196",5
"inaug_WilliamHenryHarrison_1_197",5
"inaug_WilliamHenryHarrison_1_198",5
"inaug_WilliamHenryHarrison_1_199",5
"inaug_WilliamHenryHarrison_1_200",5
"inaug_WilliamHenryHarrison_1_201",5
"inaug_WilliamHenryHarrison_1_202",5
"inaug_WilliamHenryHarrison_1_203",5
"inaug_WilliamHenryHarrison_1_204",5
"inaug_WilliamHenryHarrison_1_205",1
"inaug_WilliamHenryHarrison_1_206",3
"inaug_WilliamHenryHarrison_1_207",3
"inaug_WilliamHenryHarrison_1_208",3
"inaug_WilliamHenryHarrison_1_209",3
"inaug_WilliamHenryHarrison_1_210",3
"inaug_WilliamHenryHarrison_1_211",3
"inaug_WilliamHenryHarrison_1_212",2
"inaug_WilliamHenryHarrison_1_213",2
"inaug_WilliamHenryHarrison_1_214",2
"inaug_WilliamHenryHarrison_1_215",2
"inaug_WilliamHenryHarrison_1_216",4
"inaug_WilliamHenryHarrison_1_217",4
"inaug_WilliamHenryHarrison_1_218",4
"inaug_WilliamHenryHarrison_1_219",4
"inaug_WilliamHenryHarrison_1_220",2
"inaug_WilliamHenryHarrison_1_221",5
"inaug_WilliamHenryHarrison_1_222",5
"inaug_WilliamHenryHarrison_1_223",2
"inaug_WilliamHenryHarrison_1_224",2
"inaug_WilliamHenryHarrison_1_225",1
"inaug_WilliamHenryHarrison_1_226",2
"inaug_WilliamHenryHarrison_1_227",2
"inaug_WilliamHenryHarrison_1_228",2
"inaug_WilliamHenryHarrison_1_229",9
"inaug_WilliamHenryHarrison_1_230",5
"inaug_WilliamHenryHarrison_1_231",5
"inaug_WilliamHenryHarrison_1_232",5
"inaug_WilliamHenryHarrison_1_233",5
"inaug_WilliamHenryHarrison_1_234",5
"inaug_AbrahamLincoln_1_2",12
"inaug_AbrahamLincoln_1_3",1
"inaug_AbrahamLincoln_1_4",12
"inaug_AbrahamLincoln_1_5",10
"inaug_AbrahamLincoln_1_6",7
"inaug_AbrahamLincoln_1_7",12
"inaug_AbrahamLincoln_1_8",12
"inaug_AbrahamLincoln_1_9",12
"inaug_AbrahamLincoln_1_10",12
"inaug_AbrahamLincoln_1_11",12
"inaug_AbrahamLincoln_1_12",12
"inaug_AbrahamLincoln_1_13",12
"inaug_AbrahamLincoln_1_14",12
"inaug_AbrahamLincoln_1_15",12
"inaug_AbrahamLincoln_1_16",12
"inaug_AbrahamLincoln_1_17",12
"inaug_AbrahamLincoln_1_18",12
"inaug_AbrahamLincoln_1_19",12
"inaug_AbrahamLincoln_1_20",12
"inaug_AbrahamLincoln_1_21",12
"inaug_AbrahamLincoln_1_22",12
"inaug_AbrahamLincoln_1_23",12
"inaug_AbrahamLincoln_1_24",12
"inaug_AbrahamLincoln_1_25",12
"inaug_AbrahamLincoln_1_26",12
"inaug_AbrahamLincoln_1_27",12
"inaug_AbrahamLincoln_1_28",14
"inaug_AbrahamLincoln_1_29",14
"inaug_AbrahamLincoln_1_30",14
"inaug_AbrahamLincoln_1_31",5
"inaug_AbrahamLincoln_1_32",14
"inaug_AbrahamLincoln_1_33",2
"inaug_AbrahamLincoln_1_34",12
"inaug_AbrahamLincoln_1_35",12
"inaug_AbrahamLincoln_1_36",12
"inaug_AbrahamLincoln_1_37",12
"inaug_AbrahamLincoln_1_38",12
"inaug_AbrahamLincoln_1_39",2
"inaug_AbrahamLincoln_1_40",2
"inaug_AbrahamLincoln_1_41",2
"inaug_AbrahamLincoln_1_42",2
"inaug_AbrahamLincoln_1_43",2
"inaug_AbrahamLincoln_1_44",2
"inaug_AbrahamLincoln_1_45",2
"inaug_AbrahamLincoln_1_46",2
"inaug_AbrahamLincoln_1_47",12
"inaug_AbrahamLincoln_1_48",12
"inaug_AbrahamLincoln_1_49",12
"inaug_AbrahamLincoln_1_50",9
"inaug_AbrahamLincoln_1_51",3
"inaug_AbrahamLincoln_1_52",3
"inaug_AbrahamLincoln_1_53",1
"inaug_AbrahamLincoln_1_54",12
"inaug_AbrahamLincoln_1_55",9
"inaug_AbrahamLincoln_1_56",9
"inaug_AbrahamLincoln_1_57",2
"inaug_AbrahamLincoln_1_58",2
"inaug_AbrahamLincoln_1_59",2
"inaug_AbrahamLincoln_1_60",2
"inaug_AbrahamLincoln_1_61",9
"inaug_AbrahamLincoln_1_62",2
"inaug_AbrahamLincoln_1_63",2
"inaug_AbrahamLincoln_1_64",2
"inaug_AbrahamLincoln_1_65",2
"inaug_AbrahamLincoln_1_66",2
"inaug_AbrahamLincoln_1_67",1
"inaug_AbrahamLincoln_1_68",2
"inaug_AbrahamLincoln_1_69",2
"inaug_AbrahamLincoln_1_70",2
"inaug_AbrahamLincoln_1_71",2
"inaug_AbrahamLincoln_1_72",2
"inaug_AbrahamLincoln_1_73",2
"inaug_AbrahamLincoln_1_74",12
"inaug_AbrahamLincoln_1_75",12
"inaug_AbrahamLincoln_1_76",12
"inaug_AbrahamLincoln_1_77",12
"inaug_AbrahamLincoln_1_78",12
"inaug_AbrahamLincoln_1_79",12
"inaug_AbrahamLincoln_1_80",12
"inaug_AbrahamLincoln_1_81",2
"inaug_AbrahamLincoln_1_82",2
"inaug_AbrahamLincoln_1_83",2
"inaug_AbrahamLincoln_1_84",2
"inaug_AbrahamLincoln_1_85",2
"inaug_AbrahamLincoln_1_86",2
"inaug_AbrahamLincoln_1_87",2
"inaug_AbrahamLincoln_1_88",2
"inaug_AbrahamLincoln_1_89",2
"inaug_AbrahamLincoln_1_90",2
"inaug_AbrahamLincoln_1_91",2
"inaug_AbrahamLincoln_1_92",2
"inaug_AbrahamLincoln_1_93",2
"inaug_AbrahamLincoln_1_94",2
"inaug_AbrahamLincoln_1_95",2
"inaug_AbrahamLincoln_1_96",2
"inaug_AbrahamLincoln_1_97",2
"inaug_AbrahamLincoln_1_98",2
"inaug_AbrahamLincoln_1_99",2
"inaug_AbrahamLincoln_1_100",2
"inaug_AbrahamLincoln_1_101",12
"inaug_AbrahamLincoln_1_102",12
"inaug_AbrahamLincoln_1_103",12
"inaug_AbrahamLincoln_1_104",12
"inaug_AbrahamLincoln_1_105",12
"inaug_AbrahamLincoln_1_106",12
"inaug_AbrahamLincoln_1_107",8
"inaug_AbrahamLincoln_1_108",8
"inaug_AbrahamLincoln_1_109",3
"inaug_AbrahamLincoln_1_110",3
"inaug_AbrahamLincoln_1_111",12
"inaug_AbrahamLincoln_1_112",8
"inaug_AbrahamLincoln_1_113",12
"inaug_AbrahamLincoln_1_114",2
"inaug_AbrahamLincoln_1_115",2
"inaug_AbrahamLincoln_1_116",12
"inaug_AbrahamLincoln_1_117",12
"inaug_AbrahamLincoln_1_118",14
"inaug_AbrahamLincoln_1_119",14
"inaug_AbrahamLincoln_1_120",12
"inaug_AbrahamLincoln_1_121",12
"inaug_AbrahamLincoln_1_122",12
"inaug_AbrahamLincoln_1_123",14
"inaug_AbrahamLincoln_1_124",14
"inaug_AbrahamLincoln_1_125",7
"inaug_AbrahamLincoln_1_126",4
"inaug_AbrahamLincoln_1_127",5
"inaug_AbrahamLincoln_1_128",2
"inaug_AbrahamLincoln_1_129",8
"inaug_AbrahamLincoln_1_130",8
"inaug_AbrahamLincoln_1_131",8
"inaug_AbrahamLincoln_1_132",1
"inaug_AbrahamLincoln_1_133",7
"inaug_AbrahamLincoln_1_134",8
"inaug_AbrahamLincoln_1_135",7
"inaug_AbrahamLincoln_1_136",14
"inaug_AbrahamLincoln_1_137",12
"inaug_AbrahamLincoln_1_138",1
"inaug_AbrahamLincoln_1_139",13
"inaug_AbrahamLincoln_1_140",1
"inaug_AbrahamLincoln_1_141",13
"inaug_AbrahamLincoln_1_142",1
"inaug_AbrahamLincoln_1_143",2
"inaug_AbrahamLincoln_1_144",4
"inaug_AbrahamLincoln_1_145",10
"inaug_AbrahamLincoln_1_146",7
"inaug_AbrahamLincoln_1_147",7
"inaug_UlyssesSGrant_1_2",12
"inaug_UlyssesSGrant_1_3",1
"inaug_UlyssesSGrant_1_4",1
"inaug_UlyssesSGrant_1_5",1
"inaug_UlyssesSGrant_1_6",10
"inaug_UlyssesSGrant_1_7",1
"inaug_UlyssesSGrant_1_8",12
"inaug_UlyssesSGrant_1_9",12
"inaug_UlyssesSGrant_1_10",12
"inaug_UlyssesSGrant_1_11",12
"inaug_UlyssesSGrant_1_12",1
"inaug_UlyssesSGrant_1_13",1
"inaug_UlyssesSGrant_1_14",1
"inaug_UlyssesSGrant_1_15",1
"inaug_UlyssesSGrant_1_16",1
"inaug_UlyssesSGrant_1_17",1
"inaug_UlyssesSGrant_1_18",1
"inaug_UlyssesSGrant_1_19",1
"inaug_UlyssesSGrant_1_20",1
"inaug_UlyssesSGrant_1_21",1
"inaug_UlyssesSGrant_1_22",1
"inaug_UlyssesSGrant_1_23",1
"inaug_UlyssesSGrant_1_24",1
"inaug_UlyssesSGrant_1_25",1
"inaug_UlyssesSGrant_1_26",13
"inaug_UlyssesSGrant_1_27",3
"inaug_UlyssesSGrant_1_28",3
"inaug_UlyssesSGrant_1_29",3
"inaug_UlyssesSGrant_1_30",1
"inaug_UlyssesSGrant_1_31",1
"inaug_UlyssesSGrant_1_32",1
"inaug_UlyssesSGrant_1_33",9
"inaug_UlyssesSGrant_1_34",9
"inaug_UlyssesSGrant_1_35",10
"inaug_UlyssesSGrant_1_36",3
"inaug_UlyssesSGrant_1_37",3
"inaug_UlyssesSGrant_1_38",1
"inaug_UlyssesSGrant_1_39",2
"inaug_UlyssesSGrant_1_40",8
"inaug_UlyssesSGrant_1_41",12
"inaug_UlyssesSGrant_1_42",8
"inaug_UlyssesSGrant_1_43",4
"inaug_JamesGarfield_1_2",4
"inaug_JamesGarfield_1_3",4
"inaug_JamesGarfield_1_4",4
"inaug_JamesGarfield_1_5",4
"inaug_JamesGarfield_1_6",2
"inaug_JamesGarfield_1_7",4
"inaug_JamesGarfield_1_8",7
"inaug_JamesGarfield_1_9",7
"inaug_JamesGarfield_1_10",7
"inaug_JamesGarfield_1_11",7
"inaug_JamesGarfield_1_12",12
"inaug_JamesGarfield_1_13",12
"inaug_JamesGarfield_1_14",12
"inaug_JamesGarfield_1_15",7
"inaug_JamesGarfield_1_16",7
"inaug_JamesGarfield_1_17",7
"inaug_JamesGarfield_1_18",2
"inaug_JamesGarfield_1_19",8
"inaug_JamesGarfield_1_20",8
"inaug_JamesGarfield_1_21",12
"inaug_JamesGarfield_1_22",12
"inaug_JamesGarfield_1_23",12
"inaug_JamesGarfield_1_24",12
"inaug_JamesGarfield_1_25",14
"inaug_JamesGarfield_1_26",9
"inaug_JamesGarfield_1_27",8
"inaug_JamesGarfield_1_28",3
"inaug_JamesGarfield_1_29",3
"inaug_JamesGarfield_1_30",13
"inaug_JamesGarfield_1_31",3
"inaug_JamesGarfield_1_32",3
"inaug_JamesGarfield_1_33",3
"inaug_JamesGarfield_1_34",9
"inaug_JamesGarfield_1_35",8
"inaug_JamesGarfield_1_36",8
"inaug_JamesGarfield_1_37",8
"inaug_JamesGarfield_1_38",9
"inaug_JamesGarfield_1_39",4
"inaug_JamesGarfield_1_40",4
"inaug_JamesGarfield_1_41",8
"inaug_JamesGarfield_1_42",8
"inaug_JamesGarfield_1_43",8
"inaug_JamesGarfield_1_44",9
"inaug_JamesGarfield_1_45",9
"inaug_JamesGarfield_1_46",9
"inaug_JamesGarfield_1_47",13
"inaug_JamesGarfield_1_48",8
"inaug_JamesGarfield_1_49",10
"inaug_JamesGarfield_1_50",8
"inaug_JamesGarfield_1_51",6
"inaug_JamesGarfield_1_52",6
"inaug_JamesGarfield_1_53",12
"inaug_JamesGarfield_1_54",12
"inaug_JamesGarfield_1_55",12
"inaug_JamesGarfield_1_56",9
"inaug_JamesGarfield_1_57",9
"inaug_JamesGarfield_1_58",14
"inaug_JamesGarfield_1_59",7
"inaug_JamesGarfield_1_60",7
"inaug_JamesGarfield_1_61",7
"inaug_JamesGarfield_1_62",7
"inaug_JamesGarfield_1_63",7
"inaug_JamesGarfield_1_64",9
"inaug_JamesGarfield_1_65",2
"inaug_JamesGarfield_1_66",5
"inaug_JamesGarfield_1_67",7
"inaug_JamesGarfield_1_68",7
"inaug_JamesGarfield_1_69",2
"inaug_JamesGarfield_1_70",2
"inaug_JamesGarfield_1_71",2
"inaug_JamesGarfield_1_72",9
"inaug_JamesGarfield_1_73",8
"inaug_JamesGarfield_1_74",11
"inaug_JamesGarfield_1_75",6
"inaug_JamesGarfield_1_76",6
"inaug_JamesGarfield_1_77",1
"inaug_JamesGarfield_1_78",1
"inaug_JamesGarfield_1_79",1
"inaug_JamesGarfield_1_80",1
"inaug_JamesGarfield_1_81",1
"inaug_JamesGarfield_1_82",1
"inaug_JamesGarfield_1_83",1
"inaug_JamesGarfield_1_84",1
"inaug_JamesGarfield_1_85",1
"inaug_JamesGarfield_1_86",1
"inaug_JamesGarfield_1_87",1
"inaug_JamesGarfield_1_88",1
"inaug_JamesGarfield_1_89",1
"inaug_JamesGarfield_1_90",1
"inaug_JamesGarfield_1_91",1
"inaug_JamesGarfield_1_92",9
"inaug_JamesGarfield_1_93",1
"inaug_JamesGarfield_1_94",13
"inaug_JamesGarfield_1_95",13
"inaug_JamesGarfield_1_96",13
"inaug_JamesGarfield_1_97",13
"inaug_JamesGarfield_1_98",13
"inaug_JamesGarfield_1_99",13
"inaug_JamesGarfield_1_100",12
"inaug_JamesGarfield_1_101",3
"inaug_JamesGarfield_1_102",3
"inaug_JamesGarfield_1_103",12
"inaug_JamesGarfield_1_104",12
"inaug_JamesGarfield_1_105",12
"inaug_JamesGarfield_1_106",12
"inaug_JamesGarfield_1_107",12
"inaug_JamesGarfield_1_108",12
"inaug_JamesGarfield_1_109",12
"inaug_JamesGarfield_1_110",12
"inaug_JamesGarfield_1_111",12
"inaug_JamesGarfield_1_112",12
"inaug_JamesGarfield_1_113",12
"inaug_JamesGarfield_1_114",5
"inaug_JamesGarfield_1_115",1
"inaug_JamesGarfield_1_116",5
"inaug_TheodoreRoosevelt_1_2",4
"inaug_TheodoreRoosevelt_1_3",4
"inaug_TheodoreRoosevelt_1_4",6
"inaug_TheodoreRoosevelt_1_5",9
"inaug_TheodoreRoosevelt_1_6",7
"inaug_TheodoreRoosevelt_1_7",8
"inaug_TheodoreRoosevelt_1_8",8
"inaug_TheodoreRoosevelt_1_9",8
"inaug_TheodoreRoosevelt_1_10",8
"inaug_TheodoreRoosevelt_1_11",13
"inaug_TheodoreRoosevelt_1_12",3
"inaug_TheodoreRoosevelt_1_13",3
"inaug_TheodoreRoosevelt_1_14",3
"inaug_TheodoreRoosevelt_1_15",3
"inaug_TheodoreRoosevelt_1_16",10
"inaug_TheodoreRoosevelt_1_17",11
"inaug_TheodoreRoosevelt_1_18",11
"inaug_TheodoreRoosevelt_1_19",11
"inaug_TheodoreRoosevelt_1_20",11
"inaug_TheodoreRoosevelt_1_21",3
"inaug_TheodoreRoosevelt_1_22",3
"inaug_TheodoreRoosevelt_1_23",3
"inaug_TheodoreRoosevelt_1_24",7
"inaug_TheodoreRoosevelt_1_25",7
"inaug_TheodoreRoosevelt_1_26",7
"inaug_TheodoreRoosevelt_1_27",2
"inaug_TheodoreRoosevelt_1_28",13
"inaug_TheodoreRoosevelt_1_29",13
"inaug_TheodoreRoosevelt_1_30",7
"inaug_TheodoreRoosevelt_1_31",7
"inaug_TheodoreRoosevelt_1_32",7
"inaug_TheodoreRoosevelt_1_33",7
"inaug_TheodoreRoosevelt_1_34",7
"inaug_TheodoreRoosevelt_1_35",7
"inaug_TheodoreRoosevelt_1_36",8
"inaug_TheodoreRoosevelt_1_37",6
"inaug_TheodoreRoosevelt_1_38",6
"inaug_WilliamHowardTaft_1_2",4
"inaug_WilliamHowardTaft_1_3",9
"inaug_WilliamHowardTaft_1_4",9
"inaug_WilliamHowardTaft_1_5",9
"inaug_WilliamHowardTaft_1_6",13
"inaug_WilliamHowardTaft_1_7",13
"inaug_WilliamHowardTaft_1_8",13
"inaug_WilliamHowardTaft_1_9",13
"inaug_WilliamHowardTaft_1_10",13
"inaug_WilliamHowardTaft_1_11",13
"inaug_WilliamHowardTaft_1_12",13
"inaug_WilliamHowardTaft_1_13",13
"inaug_WilliamHowardTaft_1_14",13
"inaug_WilliamHowardTaft_1_15",13
"inaug_WilliamHowardTaft_1_16",9
"inaug_WilliamHowardTaft_1_17",9
"inaug_WilliamHowardTaft_1_18",9
"inaug_WilliamHowardTaft_1_19",9
"inaug_WilliamHowardTaft_1_20",9
"inaug_WilliamHowardTaft_1_21",9
"inaug_WilliamHowardTaft_1_22",9
"inaug_WilliamHowardTaft_1_23",9
"inaug_WilliamHowardTaft_1_24",9
"inaug_WilliamHowardTaft_1_25",9
"inaug_WilliamHowardTaft_1_26",9
"inaug_WilliamHowardTaft_1_27",9
"inaug_WilliamHowardTaft_1_28",9
"inaug_WilliamHowardTaft_1_29",7
"inaug_WilliamHowardTaft_1_30",1
"inaug_WilliamHowardTaft_1_31",1
"inaug_WilliamHowardTaft_1_32",1
"inaug_WilliamHowardTaft_1_33",1
"inaug_WilliamHowardTaft_1_34",1
"inaug_WilliamHowardTaft_1_35",13
"inaug_WilliamHowardTaft_1_36",13
"inaug_WilliamHowardTaft_1_37",13
"inaug_WilliamHowardTaft_1_38",13
"inaug_WilliamHowardTaft_1_39",9
"inaug_WilliamHowardTaft_1_40",9
"inaug_WilliamHowardTaft_1_41",9
"inaug_WilliamHowardTaft_1_42",3
"inaug_WilliamHowardTaft_1_43",9
"inaug_WilliamHowardTaft_1_44",9
"inaug_WilliamHowardTaft_1_45",3
"inaug_WilliamHowardTaft_1_46",3
"inaug_WilliamHowardTaft_1_47",3
"inaug_WilliamHowardTaft_1_48",3
"inaug_WilliamHowardTaft_1_49",3
"inaug_WilliamHowardTaft_1_50",3
"inaug_WilliamHowardTaft_1_51",3
"inaug_WilliamHowardTaft_1_52",3
"inaug_WilliamHowardTaft_1_53",3
"inaug_WilliamHowardTaft_1_54",3
"inaug_WilliamHowardTaft_1_55",3
"inaug_WilliamHowardTaft_1_56",3
"inaug_WilliamHowardTaft_1_57",3
"inaug_WilliamHowardTaft_1_58",3
"inaug_WilliamHowardTaft_1_59",3
"inaug_WilliamHowardTaft_1_60",3
"inaug_WilliamHowardTaft_1_61",3
"inaug_WilliamHowardTaft_1_62",3
"inaug_WilliamHowardTaft_1_63",3
"inaug_WilliamHowardTaft_1_64",3
"inaug_WilliamHowardTaft_1_65",3
"inaug_WilliamHowardTaft_1_66",12
"inaug_WilliamHowardTaft_1_67",12
"inaug_WilliamHowardTaft_1_68",12
"inaug_WilliamHowardTaft_1_69",12
"inaug_WilliamHowardTaft_1_70",12
"inaug_WilliamHowardTaft_1_71",9
"inaug_WilliamHowardTaft_1_72",9
"inaug_WilliamHowardTaft_1_73",1
"inaug_WilliamHowardTaft_1_74",1
"inaug_WilliamHowardTaft_1_75",1
"inaug_WilliamHowardTaft_1_76",1
"inaug_WilliamHowardTaft_1_77",1
"inaug_WilliamHowardTaft_1_78",1
"inaug_WilliamHowardTaft_1_79",9
"inaug_WilliamHowardTaft_1_80",9
"inaug_WilliamHowardTaft_1_81",9
"inaug_WilliamHowardTaft_1_82",9
"inaug_WilliamHowardTaft_1_83",9
"inaug_WilliamHowardTaft_1_84",9
"inaug_WilliamHowardTaft_1_85",9
"inaug_WilliamHowardTaft_1_86",9
"inaug_WilliamHowardTaft_1_87",9
"inaug_WilliamHowardTaft_1_88",9
"inaug_WilliamHowardTaft_1_89",9
"inaug_WilliamHowardTaft_1_90",9
"inaug_WilliamHowardTaft_1_91",9
"inaug_WilliamHowardTaft_1_92",10
"inaug_WilliamHowardTaft_1_93",10
"inaug_WilliamHowardTaft_1_94",10
"inaug_WilliamHowardTaft_1_95",10
"inaug_WilliamHowardTaft_1_96",10
"inaug_WilliamHowardTaft_1_97",10
"inaug_WilliamHowardTaft_1_98",10
"inaug_WilliamHowardTaft_1_99",10
"inaug_WilliamHowardTaft_1_100",9
"inaug_WilliamHowardTaft_1_101",9
"inaug_WilliamHowardTaft_1_102",9
"inaug_WilliamHowardTaft_1_103",9
"inaug_WilliamHowardTaft_1_104",9
"inaug_WilliamHowardTaft_1_105",9
"inaug_WilliamHowardTaft_1_106",9
"inaug_WilliamHowardTaft_1_107",9
"inaug_WilliamHowardTaft_1_108",9
"inaug_WilliamHowardTaft_1_109",9
"inaug_WilliamHowardTaft_1_110",9
"inaug_WilliamHowardTaft_1_111",9
"inaug_WilliamHowardTaft_1_112",12
"inaug_WilliamHowardTaft_1_113",12
"inaug_WilliamHowardTaft_1_114",12
"inaug_WilliamHowardTaft_1_115",12
"inaug_WilliamHowardTaft_1_116",14
"inaug_WilliamHowardTaft_1_117",14
"inaug_WilliamHowardTaft_1_118",3
"inaug_WilliamHowardTaft_1_119",9
"inaug_WilliamHowardTaft_1_120",9
"inaug_WilliamHowardTaft_1_121",9
"inaug_WilliamHowardTaft_1_122",9
"inaug_WilliamHowardTaft_1_123",9
"inaug_WilliamHowardTaft_1_124",9
"inaug_WilliamHowardTaft_1_125",9
"inaug_WilliamHowardTaft_1_126",12
"inaug_WilliamHowardTaft_1_127",12
"inaug_WilliamHowardTaft_1_128",12
"inaug_WilliamHowardTaft_1_129",12
"inaug_WilliamHowardTaft_1_130",12
"inaug_WilliamHowardTaft_1_131",9
"inaug_WilliamHowardTaft_1_132",9
"inaug_WilliamHowardTaft_1_133",9
"inaug_WilliamHowardTaft_1_134",4
"inaug_WilliamHowardTaft_1_135",9
"inaug_WilliamHowardTaft_1_136",5
"inaug_WilliamHowardTaft_1_137",9
"inaug_WilliamHowardTaft_1_138",9
"inaug_WilliamHowardTaft_1_139",9
"inaug_WilliamHowardTaft_1_140",9
"inaug_WilliamHowardTaft_1_141",9
"inaug_WilliamHowardTaft_1_142",9
"inaug_WilliamHowardTaft_1_143",9
"inaug_WilliamHowardTaft_1_144",9
"inaug_WilliamHowardTaft_1_145",9
"inaug_WilliamHowardTaft_1_146",9
"inaug_WilliamHowardTaft_1_147",13
"inaug_WilliamHowardTaft_1_148",13
"inaug_WilliamHowardTaft_1_149",13
"inaug_WilliamHowardTaft_1_150",13
"inaug_WilliamHowardTaft_1_151",13
"inaug_WilliamHowardTaft_1_152",13
"inaug_WilliamHowardTaft_1_153",13
"inaug_WilliamHowardTaft_1_154",13
"inaug_WilliamHowardTaft_1_155",13
"inaug_WilliamHowardTaft_1_156",13
"inaug_WilliamHowardTaft_1_157",13
"inaug_WilliamHowardTaft_1_158",13
"inaug_WilliamHowardTaft_1_159",13
"inaug_WilliamHowardTaft_1_160",13
"inaug_WilliamHowardTaft_1_161",12
"inaug_WilliamHowardTaft_1_162",12
"inaug_WilliamHowardTaft_1_163",9
"inaug_WilliamHowardTaft_1_164",9
"inaug_WilliamHowardTaft_1_165",9
"inaug_WilliamHowardTaft_1_166",12
"inaug_WoodrowWilson_1_2",14
"inaug_WoodrowWilson_1_3",2
"inaug_WoodrowWilson_1_4",4
"inaug_WoodrowWilson_1_5",4
"inaug_WoodrowWilson_1_6",15
"inaug_WoodrowWilson_1_7",5
"inaug_WoodrowWilson_1_8",2
"inaug_WoodrowWilson_1_9",1
"inaug_WoodrowWilson_1_10",2
"inaug_WoodrowWilson_1_11",2
"inaug_WoodrowWilson_1_12",6
"inaug_WoodrowWilson_1_13",6
"inaug_WoodrowWilson_1_14",6
"inaug_WoodrowWilson_1_15",6
"inaug_WoodrowWilson_1_16",6
"inaug_WoodrowWilson_1_17",6
"inaug_WoodrowWilson_1_18",6
"inaug_WoodrowWilson_1_19",6
"inaug_WoodrowWilson_1_20",6
"inaug_WoodrowWilson_1_21",6
"inaug_WoodrowWilson_1_22",6
"inaug_WoodrowWilson_1_23",6
"inaug_WoodrowWilson_1_24",6
"inaug_WoodrowWilson_1_25",6
"inaug_WoodrowWilson_1_26",6
"inaug_WoodrowWilson_1_27",6
"inaug_WoodrowWilson_1_28",6
"inaug_WoodrowWilson_1_29",6
"inaug_WoodrowWilson_1_30",6
"inaug_WoodrowWilson_1_31",2
"inaug_WoodrowWilson_1_32",7
"inaug_WoodrowWilson_1_33",7
"inaug_WoodrowWilson_1_34",7
"inaug_WoodrowWilson_1_35",7
"inaug_WoodrowWilson_1_36",6
"inaug_WoodrowWilson_1_37",6
"inaug_WoodrowWilson_1_38",6
"inaug_WoodrowWilson_1_39",6
"inaug_WoodrowWilson_1_40",7
"inaug_WoodrowWilson_1_41",6
"inaug_WoodrowWilson_1_42",13
"inaug_WoodrowWilson_1_43",1
"inaug_WoodrowWilson_1_44",1
"inaug_WoodrowWilson_1_45",13
"inaug_WoodrowWilson_1_46",13
"inaug_WoodrowWilson_1_47",13
"inaug_WoodrowWilson_1_48",6
"inaug_WoodrowWilson_1_49",6
"inaug_WoodrowWilson_1_50",6
"inaug_WoodrowWilson_1_51",2
"inaug_WoodrowWilson_1_52",8
"inaug_WoodrowWilson_1_53",8
"inaug_WoodrowWilson_1_54",6
"inaug_WoodrowWilson_1_55",12
"inaug_WoodrowWilson_1_56",12
"inaug_WoodrowWilson_1_57",12
"inaug_WoodrowWilson_1_58",15
"inaug_WoodrowWilson_1_59",4
"inaug_WoodrowWilson_1_60",7
"inaug_WoodrowWilson_1_61",11
"inaug_WoodrowWilson_1_62",10
"inaug_WoodrowWilson_1_63",10
"inaug_WoodrowWilson_1_64",10
"inaug_WoodrowWilson_1_65",5
"inaug_WoodrowWilson_1_66",8
"inaug_WoodrowWilson_1_67",8
"inaug_WoodrowWilson_1_68",10
"inaug_WoodrowWilson_1_69",10
"inaug_WoodrowWilson_1_70",4
"inaug_WoodrowWilson_1_71",3
"inaug_WoodrowWilson_1_72",3
"inaug_WoodrowWilson_1_73",6
"inaug_WoodrowWilson_1_74",6
"inaug_WoodrowWilson_1_75",6
"inaug_WoodrowWilson_1_76",8
"inaug_WoodrowWilson_1_77",6
"inaug_HerbertHoover_1_2",4
"inaug_HerbertHoover_1_3",5
"inaug_HerbertHoover_1_4",3
"inaug_HerbertHoover_1_5",6
"inaug_HerbertHoover_1_6",6
"inaug_HerbertHoover_1_7",11
"inaug_HerbertHoover_1_8",11
"inaug_HerbertHoover_1_9",11
"inaug_HerbertHoover_1_10",13
"inaug_HerbertHoover_1_11",5
"inaug_HerbertHoover_1_12",5
"inaug_HerbertHoover_1_13",11
"inaug_HerbertHoover_1_14",11
"inaug_HerbertHoover_1_15",11
"inaug_HerbertHoover_1_16",11
"inaug_HerbertHoover_1_17",7
"inaug_HerbertHoover_1_18",7
"inaug_HerbertHoover_1_19",7
"inaug_HerbertHoover_1_20",7
"inaug_HerbertHoover_1_21",8
"inaug_HerbertHoover_1_22",8
"inaug_HerbertHoover_1_23",12
"inaug_HerbertHoover_1_24",12
"inaug_HerbertHoover_1_25",12
"inaug_HerbertHoover_1_26",12
"inaug_HerbertHoover_1_27",12
"inaug_HerbertHoover_1_28",12
"inaug_HerbertHoover_1_29",12
"inaug_HerbertHoover_1_30",12
"inaug_HerbertHoover_1_31",13
"inaug_HerbertHoover_1_32",13
"inaug_HerbertHoover_1_33",1
"inaug_HerbertHoover_1_34",12
"inaug_HerbertHoover_1_35",4
"inaug_HerbertHoover_1_36",8
"inaug_HerbertHoover_1_37",8
"inaug_HerbertHoover_1_38",12
"inaug_HerbertHoover_1_39",12
"inaug_HerbertHoover_1_40",12
"inaug_HerbertHoover_1_41",12
"inaug_HerbertHoover_1_42",12
"inaug_HerbertHoover_1_43",12
"inaug_HerbertHoover_1_44",4
"inaug_HerbertHoover_1_45",12
"inaug_HerbertHoover_1_46",9
"inaug_HerbertHoover_1_47",12
"inaug_HerbertHoover_1_48",12
"inaug_HerbertHoover_1_49",12
"inaug_HerbertHoover_1_50",12
"inaug_HerbertHoover_1_51",12
"inaug_HerbertHoover_1_52",12
"inaug_HerbertHoover_1_53",12
"inaug_HerbertHoover_1_54",12
"inaug_HerbertHoover_1_55",12
"inaug_HerbertHoover_1_56",12
"inaug_HerbertHoover_1_57",12
"inaug_HerbertHoover_1_58",12
"inaug_HerbertHoover_1_59",12
"inaug_HerbertHoover_1_60",12
"inaug_HerbertHoover_1_61",1
"inaug_HerbertHoover_1_62",13
"inaug_HerbertHoover_1_63",1
"inaug_HerbertHoover_1_64",13
"inaug_HerbertHoover_1_65",8
"inaug_HerbertHoover_1_66",12
"inaug_HerbertHoover_1_67",12
"inaug_HerbertHoover_1_68",12
"inaug_HerbertHoover_1_69",1
"inaug_HerbertHoover_1_70",13
"inaug_HerbertHoover_1_71",13
"inaug_HerbertHoover_1_72",13
"inaug_HerbertHoover_1_73",13
"inaug_HerbertHoover_1_74",13
"inaug_HerbertHoover_1_75",13
"inaug_HerbertHoover_1_76",13
"inaug_HerbertHoover_1_77",13
"inaug_HerbertHoover_1_78",13
"inaug_HerbertHoover_1_79",2
"inaug_HerbertHoover_1_80",9
"inaug_HerbertHoover_1_81",7
"inaug_HerbertHoover_1_82",13
"inaug_HerbertHoover_1_83",7
"inaug_HerbertHoover_1_84",7
"inaug_HerbertHoover_1_85",7
"inaug_HerbertHoover_1_86",7
"inaug_HerbertHoover_1_87",7
"inaug_HerbertHoover_1_88",7
"inaug_HerbertHoover_1_89",1
"inaug_HerbertHoover_1_90",1
"inaug_HerbertHoover_1_91",1
"inaug_HerbertHoover_1_92",13
"inaug_HerbertHoover_1_93",11
"inaug_HerbertHoover_1_94",11
"inaug_HerbertHoover_1_95",11
"inaug_HerbertHoover_1_96",11
"inaug_HerbertHoover_1_97",8
"inaug_HerbertHoover_1_98",8
"inaug_HerbertHoover_1_99",1
"inaug_HerbertHoover_1_100",8
"inaug_HerbertHoover_1_101",8
"inaug_HerbertHoover_1_102",15
"inaug_HerbertHoover_1_103",8
"inaug_HerbertHoover_1_104",8
"inaug_HerbertHoover_1_105",8
"inaug_HerbertHoover_1_106",3
"inaug_HerbertHoover_1_107",3
"inaug_HerbertHoover_1_108",3
"inaug_HerbertHoover_1_109",3
"inaug_HerbertHoover_1_110",11
"inaug_HerbertHoover_1_111",3
"inaug_HerbertHoover_1_112",3
"inaug_HerbertHoover_1_113",3
"inaug_HerbertHoover_1_114",9
"inaug_HerbertHoover_1_115",1
"inaug_HerbertHoover_1_116",12
"inaug_HerbertHoover_1_117",9
"inaug_HerbertHoover_1_118",11
"inaug_HerbertHoover_1_119",11
"inaug_HerbertHoover_1_120",3
"inaug_HerbertHoover_1_121",1
"inaug_HerbertHoover_1_122",3
"inaug_HerbertHoover_1_123",7
"inaug_HerbertHoover_1_124",7
"inaug_HerbertHoover_1_125",9
"inaug_HerbertHoover_1_126",11
"inaug_HerbertHoover_1_127",11
"inaug_HerbertHoover_1_128",15
"inaug_HerbertHoover_1_129",1
"inaug_HerbertHoover_1_130",5
"inaug_HerbertHoover_1_131",6
"inaug_HerbertHoover_1_132",6
"inaug_HerbertHoover_1_133",6
"inaug_HerbertHoover_1_134",6
"inaug_HerbertHoover_1_135",6
"inaug_HerbertHoover_1_136",1
"inaug_HerbertHoover_1_137",3
"inaug_HerbertHoover_1_138",11
"inaug_HerbertHoover_1_139",11
"inaug_HerbertHoover_1_140",11
"inaug_HerbertHoover_1_141",2
"inaug_HerbertHoover_1_142",1
"inaug_HerbertHoover_1_143",2
"inaug_HerbertHoover_1_144",1
"inaug_HerbertHoover_1_145",2
"inaug_HerbertHoover_1_146",2
"inaug_HerbertHoover_1_147",9
"inaug_HerbertHoover_1_148",9
"inaug_HerbertHoover_1_149",9
"inaug_HerbertHoover_1_150",9
"inaug_HerbertHoover_1_151",12
"inaug_HerbertHoover_1_152",1
"inaug_HerbertHoover_1_153",9
"inaug_HerbertHoover_1_154",1
"inaug_HerbertHoover_1_155",3
"inaug_HerbertHoover_1_156",12
"inaug_HerbertHoover_1_157",3
"inaug_HerbertHoover_1_158",13
"inaug_HerbertHoover_1_159",8
"inaug_HerbertHoover_1_160",8
"inaug_HerbertHoover_1_161",8
"inaug_HerbertHoover_1_162",7
"inaug_HerbertHoover_1_163",7
"inaug_HerbertHoover_1_164",7
"inaug_HerbertHoover_1_165",3
"inaug_HerbertHoover_1_166",2
"inaug_HerbertHoover_1_167",2
"inaug_HerbertHoover_1_168",8
"inaug_HerbertHoover_1_169",5
"inaug_HerbertHoover_1_170",5
"inaug_HerbertHoover_1_171",13
"inaug_HerbertHoover_1_172",13
"inaug_HerbertHoover_1_173",8
"inaug_HerbertHoover_1_174",5
"inaug_HerbertHoover_1_175",1
"inaug_HerbertHoover_1_176",5
"inaug_HerbertHoover_1_177",8
"inaug_HerbertHoover_1_178",8
"inaug_HerbertHoover_1_179",7
"inaug_HerbertHoover_1_180",9
"inaug_HerbertHoover_1_181",12
"inaug_HerbertHoover_1_182",12
"inaug_HerbertHoover_1_183",12
"inaug_HerbertHoover_1_184",2
"inaug_HerbertHoover_1_185",5
"inaug_HerbertHoover_1_186",6
"inaug_HerbertHoover_1_187",5
"inaug_HerbertHoover_1_188",5
"inaug_HerbertHoover_1_189",1
"inaug_HerbertHoover_1_190",1
"inaug_HerbertHoover_1_191",5
"inaug_HerbertHoover_1_192",7
"inaug_HerbertHoover_1_193",5
"inaug_HerbertHoover_1_194",5
"inaug_HerbertHoover_1_195",5
"inaug_FranklinDRoosevelt_1_2",9
"inaug_FranklinDRoosevelt_1_3",7
"inaug_FranklinDRoosevelt_1_4",11
"inaug_FranklinDRoosevelt_1_5",10
"inaug_FranklinDRoosevelt_1_6",11
"inaug_FranklinDRoosevelt_1_7",5
"inaug_FranklinDRoosevelt_1_8",5
"inaug_FranklinDRoosevelt_1_9",7
"inaug_FranklinDRoosevelt_1_10",4
"inaug_FranklinDRoosevelt_1_11",1
"inaug_FranklinDRoosevelt_1_12",1
"inaug_FranklinDRoosevelt_1_13",1
"inaug_FranklinDRoosevelt_1_14",6
"inaug_FranklinDRoosevelt_1_15",6
"inaug_FranklinDRoosevelt_1_16",6
"inaug_FranklinDRoosevelt_1_17",4
"inaug_FranklinDRoosevelt_1_18",4
"inaug_FranklinDRoosevelt_1_19",4
"inaug_FranklinDRoosevelt_1_20",8
"inaug_FranklinDRoosevelt_1_21",11
"inaug_FranklinDRoosevelt_1_22",13
"inaug_FranklinDRoosevelt_1_23",4
"inaug_FranklinDRoosevelt_1_24",11
"inaug_FranklinDRoosevelt_1_25",2
"inaug_FranklinDRoosevelt_1_26",1
"inaug_FranklinDRoosevelt_1_27",1
"inaug_FranklinDRoosevelt_1_28",1
"inaug_FranklinDRoosevelt_1_29",1
"inaug_FranklinDRoosevelt_1_30",5
"inaug_FranklinDRoosevelt_1_31",4
"inaug_FranklinDRoosevelt_1_32",4
"inaug_FranklinDRoosevelt_1_33",1
"inaug_FranklinDRoosevelt_1_34",1
"inaug_FranklinDRoosevelt_1_35",6
"inaug_FranklinDRoosevelt_1_36",6
"inaug_FranklinDRoosevelt_1_37",6
"inaug_FranklinDRoosevelt_1_38",6
"inaug_FranklinDRoosevelt_1_39",6
"inaug_FranklinDRoosevelt_1_40",6
"inaug_FranklinDRoosevelt_1_41",5
"inaug_FranklinDRoosevelt_1_42",5
"inaug_FranklinDRoosevelt_1_43",13
"inaug_FranklinDRoosevelt_1_44",10
"inaug_FranklinDRoosevelt_1_45",7
"inaug_FranklinDRoosevelt_1_46",13
"inaug_FranklinDRoosevelt_1_47",13
"inaug_FranklinDRoosevelt_1_48",13
"inaug_FranklinDRoosevelt_1_49",13
"inaug_FranklinDRoosevelt_1_50",13
"inaug_FranklinDRoosevelt_1_51",13
"inaug_FranklinDRoosevelt_1_52",13
"inaug_FranklinDRoosevelt_1_53",8
"inaug_FranklinDRoosevelt_1_54",8
"inaug_FranklinDRoosevelt_1_55",8
"inaug_FranklinDRoosevelt_1_56",1
"inaug_FranklinDRoosevelt_1_57",1
"inaug_FranklinDRoosevelt_1_58",12
"inaug_FranklinDRoosevelt_1_59",9
"inaug_FranklinDRoosevelt_1_60",13
"inaug_FranklinDRoosevelt_1_61",9
"inaug_FranklinDRoosevelt_1_62",3
"inaug_FranklinDRoosevelt_1_63",6
"inaug_FranklinDRoosevelt_1_64",9
"inaug_FranklinDRoosevelt_1_65",11
"inaug_FranklinDRoosevelt_1_66",11
"inaug_FranklinDRoosevelt_1_67",10
"inaug_FranklinDRoosevelt_1_68",3
"inaug_FranklinDRoosevelt_1_69",3
"inaug_FranklinDRoosevelt_1_70",3
"inaug_FranklinDRoosevelt_1_71",7
"inaug_FranklinDRoosevelt_1_72",7
"inaug_FranklinDRoosevelt_1_73",7
"inaug_FranklinDRoosevelt_1_74",7
"inaug_FranklinDRoosevelt_1_75",7
"inaug_FranklinDRoosevelt_1_76",7
"inaug_FranklinDRoosevelt_1_77",13
"inaug_FranklinDRoosevelt_1_78",2
"inaug_FranklinDRoosevelt_1_79",14
"inaug_FranklinDRoosevelt_1_80",13
"inaug_FranklinDRoosevelt_1_81",14
"inaug_FranklinDRoosevelt_1_82",14
"inaug_FranklinDRoosevelt_1_83",12
"inaug_FranklinDRoosevelt_1_84",12
"inaug_FranklinDRoosevelt_1_85",10
"inaug_FranklinDRoosevelt_1_86",4
"inaug_FranklinDRoosevelt_1_87",10
"inaug_FranklinDRoosevelt_1_88",15
"inaug_FranklinDRoosevelt_1_89",5
"inaug_FranklinDRoosevelt_1_90",15
"inaug_FranklinDRoosevelt_1_91",5
"inaug_FranklinDRoosevelt_1_92",7
"inaug_FranklinDRoosevelt_1_93",12
"inaug_FranklinDRoosevelt_1_94",7
"inaug_FranklinDRoosevelt_1_95",6
"inaug_FranklinDRoosevelt_1_96",7
"inaug_FranklinDRoosevelt_1_97",3
"inaug_FranklinDRoosevelt_1_98",4
"inaug_FranklinDRoosevelt_1_99",4
"inaug_HarrySTruman_1_2",4
"inaug_HarrySTruman_1_3",4
"inaug_HarrySTruman_1_4",8
"inaug_HarrySTruman_1_5",8
"inaug_HarrySTruman_1_6",7
"inaug_HarrySTruman_1_7",7
"inaug_HarrySTruman_1_8",15
"inaug_HarrySTruman_1_9",15
"inaug_HarrySTruman_1_10",4
"inaug_HarrySTruman_1_11",4
"inaug_HarrySTruman_1_12",4
"inaug_HarrySTruman_1_13",4
"inaug_HarrySTruman_1_14",4
"inaug_HarrySTruman_1_15",7
"inaug_HarrySTruman_1_16",7
"inaug_HarrySTruman_1_17",5
"inaug_HarrySTruman_1_18",8
"inaug_HarrySTruman_1_19",8
"inaug_HarrySTruman_1_20",8
"inaug_HarrySTruman_1_21",8
"inaug_HarrySTruman_1_22",8
"inaug_HarrySTruman_1_23",8
"inaug_HarrySTruman_1_24",8
"inaug_HarrySTruman_1_25",11
"inaug_HarrySTruman_1_26",11
"inaug_HarrySTruman_1_27",11
"inaug_HarrySTruman_1_28",11
"inaug_HarrySTruman_1_29",11
"inaug_HarrySTruman_1_30",11
"inaug_HarrySTruman_1_31",12
"inaug_HarrySTruman_1_32",12
"inaug_HarrySTruman_1_33",2
"inaug_HarrySTruman_1_34",2
"inaug_HarrySTruman_1_35",11
"inaug_HarrySTruman_1_36",11
"inaug_HarrySTruman_1_37",11
"inaug_HarrySTruman_1_38",11
"inaug_HarrySTruman_1_39",11
"inaug_HarrySTruman_1_40",11
"inaug_HarrySTruman_1_41",11
"inaug_HarrySTruman_1_42",11
"inaug_HarrySTruman_1_43",12
"inaug_HarrySTruman_1_44",3
"inaug_HarrySTruman_1_45",2
"inaug_HarrySTruman_1_46",14
"inaug_HarrySTruman_1_47",11
"inaug_HarrySTruman_1_48",13
"inaug_HarrySTruman_1_49",11
"inaug_HarrySTruman_1_50",11
"inaug_HarrySTruman_1_51",11
"inaug_HarrySTruman_1_52",11
"inaug_HarrySTruman_1_53",3
"inaug_HarrySTruman_1_54",2
"inaug_HarrySTruman_1_55",3
"inaug_HarrySTruman_1_56",6
"inaug_HarrySTruman_1_57",6
"inaug_HarrySTruman_1_58",10
"inaug_HarrySTruman_1_59",11
"inaug_HarrySTruman_1_60",11
"inaug_HarrySTruman_1_61",11
"inaug_HarrySTruman_1_62",11
"inaug_HarrySTruman_1_63",11
"inaug_HarrySTruman_1_64",11
"inaug_HarrySTruman_1_65",11
"inaug_HarrySTruman_1_66",11
"inaug_HarrySTruman_1_67",11
"inaug_HarrySTruman_1_68",11
"inaug_HarrySTruman_1_69",3
"inaug_HarrySTruman_1_70",3
"inaug_HarrySTruman_1_71",3
"inaug_HarrySTruman_1_72",3
"inaug_HarrySTruman_1_73",3
"inaug_HarrySTruman_1_74",3
"inaug_HarrySTruman_1_75",3
"inaug_HarrySTruman_1_76",13
"inaug_HarrySTruman_1_77",13
"inaug_HarrySTruman_1_78",13
"inaug_HarrySTruman_1_79",6
"inaug_HarrySTruman_1_80",15
"inaug_HarrySTruman_1_81",13
"inaug_HarrySTruman_1_82",8
"inaug_HarrySTruman_1_83",8
"inaug_HarrySTruman_1_84",13
"inaug_HarrySTruman_1_85",13
"inaug_HarrySTruman_1_86",13
"inaug_HarrySTruman_1_87",13
"inaug_HarrySTruman_1_88",13
"inaug_HarrySTruman_1_89",11
"inaug_HarrySTruman_1_90",11
"inaug_HarrySTruman_1_91",11
"inaug_HarrySTruman_1_92",11
"inaug_HarrySTruman_1_93",13
"inaug_HarrySTruman_1_94",13
"inaug_HarrySTruman_1_95",13
"inaug_HarrySTruman_1_96",13
"inaug_HarrySTruman_1_97",13
"inaug_HarrySTruman_1_98",13
"inaug_HarrySTruman_1_99",13
"inaug_HarrySTruman_1_100",13
"inaug_HarrySTruman_1_101",13
"inaug_HarrySTruman_1_102",8
"inaug_HarrySTruman_1_103",8
"inaug_HarrySTruman_1_104",8
"inaug_HarrySTruman_1_105",8
"inaug_HarrySTruman_1_106",8
"inaug_HarrySTruman_1_107",8
"inaug_HarrySTruman_1_108",8
"inaug_HarrySTruman_1_109",8
"inaug_HarrySTruman_1_110",8
"inaug_HarrySTruman_1_111",8
"inaug_HarrySTruman_1_112",8
"inaug_HarrySTruman_1_113",11
"inaug_HarrySTruman_1_114",11
"inaug_HarrySTruman_1_115",11
"inaug_HarrySTruman_1_116",5
"inaug_HarrySTruman_1_117",5
"inaug_HarrySTruman_1_118",5
"inaug_HarrySTruman_1_119",11
"inaug_DwightDEisenhower_1_2",4
"inaug_DwightDEisenhower_1_3",10
"inaug_DwightDEisenhower_1_4",10
"inaug_DwightDEisenhower_1_5",2
"inaug_DwightDEisenhower_1_6",5
"inaug_DwightDEisenhower_1_7",5
"inaug_DwightDEisenhower_1_8",4
"inaug_DwightDEisenhower_1_9",4
"inaug_DwightDEisenhower_1_10",4
"inaug_DwightDEisenhower_1_11",4
"inaug_DwightDEisenhower_1_12",4
"inaug_DwightDEisenhower_1_13",4
"inaug_DwightDEisenhower_1_14",4
"inaug_DwightDEisenhower_1_15",3
"inaug_DwightDEisenhower_1_16",3
"inaug_DwightDEisenhower_1_17",7
"inaug_DwightDEisenhower_1_18",7
"inaug_DwightDEisenhower_1_19",7
"inaug_DwightDEisenhower_1_20",11
"inaug_DwightDEisenhower_1_21",6
"inaug_DwightDEisenhower_1_22",11
"inaug_DwightDEisenhower_1_23",11
"inaug_DwightDEisenhower_1_24",8
"inaug_DwightDEisenhower_1_25",8
"inaug_DwightDEisenhower_1_26",4
"inaug_DwightDEisenhower_1_27",7
"inaug_DwightDEisenhower_1_28",4
"inaug_DwightDEisenhower_1_29",7
"inaug_DwightDEisenhower_1_30",7
"inaug_DwightDEisenhower_1_31",15
"inaug_DwightDEisenhower_1_32",13
"inaug_DwightDEisenhower_1_33",6
"inaug_DwightDEisenhower_1_34",15
"inaug_DwightDEisenhower_1_35",7
"inaug_DwightDEisenhower_1_36",7
"inaug_DwightDEisenhower_1_37",7
"inaug_DwightDEisenhower_1_38",4
"inaug_DwightDEisenhower_1_39",15
"inaug_DwightDEisenhower_1_40",15
"inaug_DwightDEisenhower_1_41",8
"inaug_DwightDEisenhower_1_42",6
"inaug_DwightDEisenhower_1_43",6
"inaug_DwightDEisenhower_1_44",6
"inaug_DwightDEisenhower_1_45",4
"inaug_DwightDEisenhower_1_46",3
"inaug_DwightDEisenhower_1_47",11
"inaug_DwightDEisenhower_1_48",11
"inaug_DwightDEisenhower_1_49",11
"inaug_DwightDEisenhower_1_50",5
"inaug_DwightDEisenhower_1_51",5
"inaug_DwightDEisenhower_1_52",4
"inaug_DwightDEisenhower_1_53",6
"inaug_DwightDEisenhower_1_54",2
"inaug_DwightDEisenhower_1_55",5
"inaug_DwightDEisenhower_1_56",6
"inaug_DwightDEisenhower_1_57",6
"inaug_DwightDEisenhower_1_58",6
"inaug_DwightDEisenhower_1_59",4
"inaug_DwightDEisenhower_1_60",15
"inaug_DwightDEisenhower_1_61",15
"inaug_DwightDEisenhower_1_62",8
"inaug_DwightDEisenhower_1_63",8
"inaug_DwightDEisenhower_1_64",13
"inaug_DwightDEisenhower_1_65",11
"inaug_DwightDEisenhower_1_66",11
"inaug_DwightDEisenhower_1_67",11
"inaug_DwightDEisenhower_1_68",7
"inaug_DwightDEisenhower_1_69",7
"inaug_DwightDEisenhower_1_70",7
"inaug_DwightDEisenhower_1_71",15
"inaug_DwightDEisenhower_1_72",7
"inaug_DwightDEisenhower_1_73",11
"inaug_DwightDEisenhower_1_74",11
"inaug_DwightDEisenhower_1_75",8
"inaug_DwightDEisenhower_1_76",8
"inaug_DwightDEisenhower_1_77",11
"inaug_DwightDEisenhower_1_78",11
"inaug_DwightDEisenhower_1_79",11
"inaug_DwightDEisenhower_1_80",11
"inaug_DwightDEisenhower_1_81",11
"inaug_DwightDEisenhower_1_82",11
"inaug_DwightDEisenhower_1_83",11
"inaug_DwightDEisenhower_1_85",11
"inaug_DwightDEisenhower_1_86",11
"inaug_DwightDEisenhower_1_88",11
"inaug_DwightDEisenhower_1_89",11
"inaug_DwightDEisenhower_1_91",8
"inaug_DwightDEisenhower_1_93",8
"inaug_DwightDEisenhower_1_94",9
"inaug_DwightDEisenhower_1_96",11
"inaug_DwightDEisenhower_1_97",11
"inaug_DwightDEisenhower_1_99",11
"inaug_DwightDEisenhower_1_100",11
"inaug_DwightDEisenhower_1_101",15
"inaug_DwightDEisenhower_1_102",3
"inaug_DwightDEisenhower_1_103",8
"inaug_DwightDEisenhower_1_105",8
"inaug_DwightDEisenhower_1_106",8
"inaug_DwightDEisenhower_1_108",3
"inaug_DwightDEisenhower_1_109",11
"inaug_DwightDEisenhower_1_110",5
"inaug_DwightDEisenhower_1_111",9
"inaug_DwightDEisenhower_1_112",4
"inaug_DwightDEisenhower_1_113",7
"inaug_DwightDEisenhower_1_114",7
"inaug_DwightDEisenhower_1_115",7
"inaug_DwightDEisenhower_1_116",1
"inaug_DwightDEisenhower_1_117",1
"inaug_DwightDEisenhower_1_118",11
"inaug_DwightDEisenhower_1_119",3
"inaug_DwightDEisenhower_1_120",11
"inaug_DwightDEisenhower_1_121",6
"inaug_DwightDEisenhower_1_122",6
"inaug_DwightDEisenhower_1_123",6
"inaug_DwightDEisenhower_1_124",6
"inaug_DwightDEisenhower_1_125",6
"inaug_DwightDEisenhower_1_126",6
"inaug_DwightDEisenhower_1_127",10
"inaug_DwightDEisenhower_1_128",10
"inaug_DwightDEisenhower_1_129",11
"inaug_DwightDEisenhower_1_130",11
"inaug_DwightDEisenhower_1_131",4
"inaug_DwightDEisenhower_1_132",15
"inaug_DwightDEisenhower_1_133",4
"inaug_JohnFKennedy_1_2",4
"inaug_JohnFKennedy_1_3",4
"inaug_JohnFKennedy_1_4",4
"inaug_JohnFKennedy_1_5",4
"inaug_JohnFKennedy_1_6",4
"inaug_JohnFKennedy_1_7",4
"inaug_JohnFKennedy_1_8",4
"inaug_JohnFKennedy_1_9",11
"inaug_JohnFKennedy_1_10",7
"inaug_JohnFKennedy_1_11",5
"inaug_JohnFKennedy_1_12",5
"inaug_JohnFKennedy_1_13",15
"inaug_JohnFKennedy_1_14",13
"inaug_JohnFKennedy_1_15",2
"inaug_JohnFKennedy_1_16",11
"inaug_JohnFKennedy_1_17",11
"inaug_JohnFKennedy_1_18",11
"inaug_JohnFKennedy_1_19",11
"inaug_JohnFKennedy_1_20",11
"inaug_JohnFKennedy_1_21",11
"inaug_JohnFKennedy_1_22",11
"inaug_JohnFKennedy_1_23",11
"inaug_JohnFKennedy_1_24",11
"inaug_JohnFKennedy_1_25",11
"inaug_JohnFKennedy_1_26",11
"inaug_JohnFKennedy_1_27",15
"inaug_JohnFKennedy_1_28",15
"inaug_JohnFKennedy_1_29",15
"inaug_JohnFKennedy_1_30",3
"inaug_JohnFKennedy_1_31",15
"inaug_JohnFKennedy_1_32",15
"inaug_JohnFKennedy_1_33",15
"inaug_JohnFKennedy_1_34",15
"inaug_JohnFKennedy_1_35",15
"inaug_JohnFKennedy_1_36",15
"inaug_JohnFKennedy_1_38",15
"inaug_JohnFKennedy_1_39",11
"inaug_JohnFKennedy_1_40",11
"inaug_JohnFKennedy_1_41",4
"inaug_JohnFKennedy_1_42",4
"inaug_JohnFKennedy_1_43",4
"inaug_JohnFKennedy_1_44",4
"inaug_JohnFKennedy_1_45",6
"inaug_JohnFKennedy_1_46",4
"inaug_JohnFKennedy_1_47",4
"inaug_JohnFKennedy_1_48",4
"inaug_JohnFKennedy_1_49",8
"inaug_JohnFKennedy_1_50",8
"inaug_JohnFKennedy_1_51",5
"inaug_JohnFKennedy_1_52",5
"inaug_JohnFKennedy_1_53",8
"inaug_JohnFKennedy_1_54",8
"inaug_JohnFKennedy_1_55",4
"inaug_LyndonBJohnson_1_2",4
"inaug_LyndonBJohnson_1_3",2
"inaug_LyndonBJohnson_1_4",4
"inaug_LyndonBJohnson_1_5",4
"inaug_LyndonBJohnson_1_6",7
"inaug_LyndonBJohnson_1_7",7
"inaug_LyndonBJohnson_1_8",7
"inaug_LyndonBJohnson_1_9",10
"inaug_LyndonBJohnson_1_10",4
"inaug_LyndonBJohnson_1_11",15
"inaug_LyndonBJohnson_1_12",15
"inaug_LyndonBJohnson_1_13",15
"inaug_LyndonBJohnson_1_14",4
"inaug_LyndonBJohnson_1_15",2
"inaug_LyndonBJohnson_1_16",2
"inaug_LyndonBJohnson_1_17",4
"inaug_LyndonBJohnson_1_18",6
"inaug_LyndonBJohnson_1_19",6
"inaug_LyndonBJohnson_1_20",6
"inaug_LyndonBJohnson_1_21",6
"inaug_LyndonBJohnson_1_22",6
"inaug_LyndonBJohnson_1_23",6
"inaug_LyndonBJohnson_1_24",4
"inaug_LyndonBJohnson_1_25",15
"inaug_LyndonBJohnson_1_26",15
"inaug_LyndonBJohnson_1_27",4
"inaug_LyndonBJohnson_1_28",15
"inaug_LyndonBJohnson_1_29",4
"inaug_LyndonBJohnson_1_30",15
"inaug_LyndonBJohnson_1_31",1
"inaug_LyndonBJohnson_1_32",3
"inaug_LyndonBJohnson_1_33",8
"inaug_LyndonBJohnson_1_34",8
"inaug_LyndonBJohnson_1_35",15
"inaug_LyndonBJohnson_1_36",15
"inaug_LyndonBJohnson_1_37",15
"inaug_LyndonBJohnson_1_38",15
"inaug_LyndonBJohnson_1_39",15
"inaug_LyndonBJohnson_1_40",15
"inaug_LyndonBJohnson_1_41",15
"inaug_LyndonBJohnson_1_42",7
"inaug_LyndonBJohnson_1_43",15
"inaug_LyndonBJohnson_1_44",8
"inaug_LyndonBJohnson_1_45",4
"inaug_LyndonBJohnson_1_46",2
"inaug_LyndonBJohnson_1_47",2
"inaug_LyndonBJohnson_1_48",2
"inaug_LyndonBJohnson_1_49",6
"inaug_LyndonBJohnson_1_50",10
"inaug_LyndonBJohnson_1_51",4
"inaug_LyndonBJohnson_1_52",4
"inaug_LyndonBJohnson_1_53",4
"inaug_LyndonBJohnson_1_54",6
"inaug_LyndonBJohnson_1_55",7
"inaug_LyndonBJohnson_1_56",2
"inaug_LyndonBJohnson_1_57",2
"inaug_LyndonBJohnson_1_58",2
"inaug_LyndonBJohnson_1_59",6
"inaug_LyndonBJohnson_1_60",15
"inaug_LyndonBJohnson_1_61",15
"inaug_LyndonBJohnson_1_62",15
"inaug_LyndonBJohnson_1_63",15
"inaug_LyndonBJohnson_1_64",15
"inaug_LyndonBJohnson_1_65",15
"inaug_LyndonBJohnson_1_66",7
"inaug_LyndonBJohnson_1_67",2
"inaug_LyndonBJohnson_1_68",2
"inaug_LyndonBJohnson_1_69",10
"inaug_LyndonBJohnson_1_70",4
"inaug_LyndonBJohnson_1_71",9
"inaug_LyndonBJohnson_1_72",10
"inaug_LyndonBJohnson_1_73",10
"inaug_LyndonBJohnson_1_74",10
"inaug_LyndonBJohnson_1_75",8
"inaug_LyndonBJohnson_1_76",10
"inaug_LyndonBJohnson_1_77",10
"inaug_LyndonBJohnson_1_78",4
"inaug_LyndonBJohnson_1_79",8
"inaug_LyndonBJohnson_1_80",4
"inaug_LyndonBJohnson_1_81",11
"inaug_LyndonBJohnson_1_82",10
"inaug_LyndonBJohnson_1_83",7
"inaug_LyndonBJohnson_1_84",4
"inaug_LyndonBJohnson_1_85",7
"inaug_LyndonBJohnson_1_86",2
"inaug_LyndonBJohnson_1_87",10
"inaug_LyndonBJohnson_1_88",6
"inaug_LyndonBJohnson_1_89",6
"inaug_LyndonBJohnson_1_90",6
"inaug_LyndonBJohnson_1_91",11
"inaug_LyndonBJohnson_1_92",15
"inaug_LyndonBJohnson_1_93",10
"inaug_LyndonBJohnson_1_94",10
"inaug_LyndonBJohnson_1_95",10
"inaug_LyndonBJohnson_1_96",8
"inaug_RichardNixon_1_2",4
"inaug_RichardNixon_1_3",4
"inaug_RichardNixon_1_4",4
"inaug_RichardNixon_1_5",4
"inaug_RichardNixon_1_6",4
"inaug_RichardNixon_1_7",4
"inaug_RichardNixon_1_8",4
"inaug_RichardNixon_1_9",4
"inaug_RichardNixon_1_10",4
"inaug_RichardNixon_1_11",4
"inaug_RichardNixon_1_12",4
"inaug_RichardNixon_1_13",10
"inaug_RichardNixon_1_14",10
"inaug_RichardNixon_1_15",10
"inaug_RichardNixon_1_16",4
"inaug_RichardNixon_1_17",11
"inaug_RichardNixon_1_18",6
"inaug_RichardNixon_1_19",6
"inaug_RichardNixon_1_20",6
"inaug_RichardNixon_1_21",6
"inaug_RichardNixon_1_22",6
"inaug_RichardNixon_1_23",6
"inaug_RichardNixon_1_24",14
"inaug_RichardNixon_1_25",15
"inaug_RichardNixon_1_26",15
"inaug_RichardNixon_1_27",15
"inaug_RichardNixon_1_28",7
"inaug_RichardNixon_1_29",8
"inaug_RichardNixon_1_30",8
"inaug_RichardNixon_1_31",11
"inaug_RichardNixon_1_32",11
"inaug_RichardNixon_1_33",4
"inaug_RichardNixon_1_34",6
"inaug_RichardNixon_1_35",4
"inaug_RichardNixon_1_36",6
"inaug_RichardNixon_1_37",4
"inaug_RichardNixon_1_38",3
"inaug_RichardNixon_1_39",4
"inaug_RichardNixon_1_40",4
"inaug_RichardNixon_1_41",6
"inaug_RichardNixon_1_42",6
"inaug_RichardNixon_1_43",6
"inaug_RichardNixon_1_44",6
"inaug_RichardNixon_1_45",6
"inaug_RichardNixon_1_46",6
"inaug_RichardNixon_1_47",6
"inaug_RichardNixon_1_48",6
"inaug_RichardNixon_1_49",6
"inaug_RichardNixon_1_50",10
"inaug_RichardNixon_1_51",10
"inaug_RichardNixon_1_52",10
"inaug_RichardNixon_1_53",10
"inaug_RichardNixon_1_54",10
"inaug_RichardNixon_1_55",10
"inaug_RichardNixon_1_56",15
"inaug_RichardNixon_1_57",15
"inaug_RichardNixon_1_58",13
"inaug_RichardNixon_1_59",13
"inaug_RichardNixon_1_60",13
"inaug_RichardNixon_1_61",13
"inaug_RichardNixon_1_62",13
"inaug_RichardNixon_1_63",8
"inaug_RichardNixon_1_64",7
"inaug_RichardNixon_1_65",7
"inaug_RichardNixon_1_66",8
"inaug_RichardNixon_1_67",6
"inaug_RichardNixon_1_68",6
"inaug_RichardNixon_1_69",6
"inaug_RichardNixon_1_70",6
"inaug_RichardNixon_1_71",7
"inaug_RichardNixon_1_72",7
"inaug_RichardNixon_1_73",7
"inaug_RichardNixon_1_74",4
"inaug_RichardNixon_1_75",4
"inaug_RichardNixon_1_76",13
"inaug_RichardNixon_1_77",15
"inaug_RichardNixon_1_78",8
"inaug_RichardNixon_1_79",15
"inaug_RichardNixon_1_80",15
"inaug_RichardNixon_1_81",15
"inaug_RichardNixon_1_82",15
"inaug_RichardNixon_1_83",15
"inaug_RichardNixon_1_84",15
"inaug_RichardNixon_1_85",15
"inaug_RichardNixon_1_86",11
"inaug_RichardNixon_1_87",11
"inaug_RichardNixon_1_88",10
"inaug_RichardNixon_1_89",10
"inaug_RichardNixon_1_90",10
"inaug_RichardNixon_1_91",15
"inaug_RichardNixon_1_92",15
"inaug_RichardNixon_1_93",15
"inaug_RichardNixon_1_94",15
"inaug_RichardNixon_1_95",11
"inaug_RichardNixon_1_96",11
"inaug_RichardNixon_1_97",11
"inaug_RichardNixon_1_98",11
"inaug_RichardNixon_1_99",11
"inaug_RichardNixon_1_100",11
"inaug_RichardNixon_1_101",4
"inaug_RichardNixon_1_102",10
"inaug_RichardNixon_1_103",10
"inaug_RichardNixon_1_104",10
"inaug_RichardNixon_1_105",5
"inaug_RichardNixon_1_106",4
"inaug_RichardNixon_1_107",11
"inaug_RichardNixon_1_108",11
"inaug_RichardNixon_1_109",4
"inaug_RichardNixon_1_110",4
"inaug_RichardNixon_1_111",4
"inaug_RichardNixon_1_112",4
"inaug_RichardNixon_1_113",4
"inaug_RichardNixon_1_114",4
"inaug_RichardNixon_1_115",4
"inaug_RichardNixon_1_116",4
"inaug_RichardNixon_1_117",4
"inaug_RichardNixon_1_118",4
"inaug_RichardNixon_1_119",4
"inaug_JimmyCarter_1_2",4
"inaug_JimmyCarter_1_3",4
"inaug_JimmyCarter_1_4",4
"inaug_JimmyCarter_1_5",4
"inaug_JimmyCarter_1_6",4
"inaug_JimmyCarter_1_7",15
"inaug_JimmyCarter_1_8",8
"inaug_JimmyCarter_1_9",15
"inaug_JimmyCarter_1_10",15
"inaug_JimmyCarter_1_11",15
"inaug_JimmyCarter_1_12",14
"inaug_JimmyCarter_1_13",5
"inaug_JimmyCarter_1_14",15
"inaug_JimmyCarter_1_15",15
"inaug_JimmyCarter_1_16",15
"inaug_JimmyCarter_1_17",15
"inaug_JimmyCarter_1_18",15
"inaug_JimmyCarter_1_19",7
"inaug_JimmyCarter_1_20",7
"inaug_JimmyCarter_1_21",7
"inaug_JimmyCarter_1_22",7
"inaug_JimmyCarter_1_23",7
"inaug_JimmyCarter_1_24",5
"inaug_JimmyCarter_1_25",7
"inaug_JimmyCarter_1_26",7
"inaug_JimmyCarter_1_27",1
"inaug_JimmyCarter_1_28",7
"inaug_JimmyCarter_1_29",7
"inaug_JimmyCarter_1_30",7
"inaug_JimmyCarter_1_31",7
"inaug_JimmyCarter_1_32",7
"inaug_JimmyCarter_1_33",7
"inaug_JimmyCarter_1_34",1
"inaug_JimmyCarter_1_35",6
"inaug_JimmyCarter_1_36",11
"inaug_JimmyCarter_1_37",6
"inaug_JimmyCarter_1_38",6
"inaug_JimmyCarter_1_39",8
"inaug_JimmyCarter_1_40",8
"inaug_JimmyCarter_1_41",11
"inaug_JimmyCarter_1_42",10
"inaug_JimmyCarter_1_43",11
"inaug_JimmyCarter_1_44",8
"inaug_JimmyCarter_1_45",8
"inaug_JimmyCarter_1_46",8
"inaug_JimmyCarter_1_47",11
"inaug_JimmyCarter_1_48",11
"inaug_JimmyCarter_1_49",11
"inaug_JimmyCarter_1_50",15
"inaug_JimmyCarter_1_51",15
"inaug_JimmyCarter_1_52",15
"inaug_JimmyCarter_1_53",15
"inaug_JimmyCarter_1_54",15
"inaug_JimmyCarter_1_55",11
"inaug_JimmyCarter_1_56",11
"inaug_JimmyCarter_1_57",11
"inaug_JimmyCarter_1_58",11
"inaug_JimmyCarter_1_59",11
"inaug_JimmyCarter_1_60",11
"inaug_RonaldReagan_1_2",4
"inaug_RonaldReagan_1_3",4
"inaug_RonaldReagan_1_4",4
"inaug_RonaldReagan_1_5",4
"inaug_RonaldReagan_1_6",4
"inaug_RonaldReagan_1_7",5
"inaug_RonaldReagan_1_8",8
"inaug_RonaldReagan_1_9",5
"inaug_RonaldReagan_1_10",6
"inaug_RonaldReagan_1_11",6
"inaug_RonaldReagan_1_12",6
"inaug_RonaldReagan_1_13",6
"inaug_RonaldReagan_1_14",1
"inaug_RonaldReagan_1_15",1
"inaug_RonaldReagan_1_16",1
"inaug_RonaldReagan_1_17",1
"inaug_RonaldReagan_1_18",2
"inaug_RonaldReagan_1_19",7
"inaug_RonaldReagan_1_20",7
"inaug_RonaldReagan_1_21",15
"inaug_RonaldReagan_1_22",15
"inaug_RonaldReagan_1_23",4
"inaug_RonaldReagan_1_24",8
"inaug_RonaldReagan_1_25",10
"inaug_RonaldReagan_1_26",1
"inaug_RonaldReagan_1_27",7
"inaug_RonaldReagan_1_28",1
"inaug_RonaldReagan_1_29",2
"inaug_RonaldReagan_1_30",11
"inaug_RonaldReagan_1_31",1
"inaug_RonaldReagan_1_32",11
"inaug_RonaldReagan_1_33",11
"inaug_RonaldReagan_1_34",6
"inaug_RonaldReagan_1_35",6
"inaug_RonaldReagan_1_36",6
"inaug_RonaldReagan_1_37",6
"inaug_RonaldReagan_1_38",15
"inaug_RonaldReagan_1_39",15
"inaug_RonaldReagan_1_40",15
"inaug_RonaldReagan_1_41",11
"inaug_RonaldReagan_1_42",11
"inaug_RonaldReagan_1_43",11
"inaug_RonaldReagan_1_44",1
"inaug_RonaldReagan_1_45",1
"inaug_RonaldReagan_1_46",1
"inaug_RonaldReagan_1_47",12
"inaug_RonaldReagan_1_48",12
"inaug_RonaldReagan_1_49",12
"inaug_RonaldReagan_1_50",12
"inaug_RonaldReagan_1_51",15
"inaug_RonaldReagan_1_52",15
"inaug_RonaldReagan_1_53",8
"inaug_RonaldReagan_1_54",6
"inaug_RonaldReagan_1_55",4
"inaug_RonaldReagan_1_56",6
"inaug_RonaldReagan_1_57",1
"inaug_RonaldReagan_1_58",7
"inaug_RonaldReagan_1_59",1
"inaug_RonaldReagan_1_60",10
"inaug_RonaldReagan_1_61",10
"inaug_RonaldReagan_1_62",10
"inaug_RonaldReagan_1_63",15
"inaug_RonaldReagan_1_64",15
"inaug_RonaldReagan_1_65",15
"inaug_RonaldReagan_1_66",15
"inaug_RonaldReagan_1_67",4
"inaug_RonaldReagan_1_68",6
"inaug_RonaldReagan_1_69",6
"inaug_RonaldReagan_1_70",15
"inaug_RonaldReagan_1_71",5
"inaug_RonaldReagan_1_72",5
"inaug_RonaldReagan_1_73",5
"inaug_RonaldReagan_1_74",10
"inaug_RonaldReagan_1_75",3
"inaug_RonaldReagan_1_76",15
"inaug_RonaldReagan_1_77",15
"inaug_RonaldReagan_1_78",5
"inaug_RonaldReagan_1_79",3
"inaug_RonaldReagan_1_80",6
"inaug_RonaldReagan_1_81",6
"inaug_RonaldReagan_1_82",7
"inaug_RonaldReagan_1_83",4
"inaug_RonaldReagan_1_84",4
"inaug_RonaldReagan_1_85",13
"inaug_RonaldReagan_1_86",10
"inaug_RonaldReagan_1_87",10
"inaug_RonaldReagan_1_88",4
"inaug_RonaldReagan_1_89",4
"inaug_RonaldReagan_1_90",4
"inaug_RonaldReagan_1_92",5
"inaug_RonaldReagan_1_93",2
"inaug_RonaldReagan_1_94",6
"inaug_RonaldReagan_1_95",6
"inaug_RonaldReagan_1_96",7
"inaug_RonaldReagan_1_97",5
"inaug_RonaldReagan_1_98",10
"inaug_RonaldReagan_1_99",10
"inaug_RonaldReagan_1_100",10
"inaug_RonaldReagan_1_101",10
"inaug_RonaldReagan_1_102",10
"inaug_RonaldReagan_1_103",10
"inaug_RonaldReagan_1_104",10
"inaug_RonaldReagan_1_105",10
"inaug_RonaldReagan_1_106",10
"inaug_RonaldReagan_1_107",10
"inaug_RonaldReagan_1_108",11
"inaug_RonaldReagan_1_109",11
"inaug_RonaldReagan_1_110",11
"inaug_RonaldReagan_1_111",11
"inaug_RonaldReagan_1_112",2
"inaug_RonaldReagan_1_113",4
"inaug_RonaldReagan_1_114",4
"inaug_RonaldReagan_1_115",4
"inaug_RonaldReagan_1_116",4
"inaug_RonaldReagan_1_117",4
"inaug_RonaldReagan_1_118",4
"inaug_RonaldReagan_1_119",4
"inaug_RonaldReagan_1_120",4
"inaug_RonaldReagan_1_121",4
"inaug_RonaldReagan_1_122",12
"inaug_RonaldReagan_1_123",6
"inaug_RonaldReagan_1_124",6
"inaug_RonaldReagan_1_125",6
"inaug_RonaldReagan_1_126",6
"inaug_RonaldReagan_1_127",6
"inaug_RonaldReagan_1_128",6
"inaug_RonaldReagan_1_129",6
"inaug_RonaldReagan_1_130",6
"inaug_RonaldReagan_1_131",6
"inaug_RonaldReagan_1_132",1
"inaug_RonaldReagan_1_133",10
"inaug_RonaldReagan_1_134",10
"inaug_RonaldReagan_1_135",10
"inaug_RonaldReagan_1_136",10
"inaug_RonaldReagan_1_137",10
"inaug_RonaldReagan_1_138",4
"inaug_GeorgeBush_1_2",4
"inaug_GeorgeBush_1_3",4
"inaug_GeorgeBush_1_4",4
"inaug_GeorgeBush_1_5",4
"inaug_GeorgeBush_1_6",4
"inaug_GeorgeBush_1_7",4
"inaug_GeorgeBush_1_8",4
"inaug_GeorgeBush_1_9",4
"inaug_GeorgeBush_1_10",4
"inaug_GeorgeBush_1_11",4
"inaug_GeorgeBush_1_12",4
"inaug_GeorgeBush_1_13",4
"inaug_GeorgeBush_1_14",4
"inaug_GeorgeBush_1_15",10
"inaug_GeorgeBush_1_16",10
"inaug_GeorgeBush_1_17",10
"inaug_GeorgeBush_1_18",11
"inaug_GeorgeBush_1_19",8
"inaug_GeorgeBush_1_20",4
"inaug_GeorgeBush_1_21",6
"inaug_GeorgeBush_1_22",8
"inaug_GeorgeBush_1_23",8
"inaug_GeorgeBush_1_24",15
"inaug_GeorgeBush_1_25",4
"inaug_GeorgeBush_1_26",15
"inaug_GeorgeBush_1_27",15
"inaug_GeorgeBush_1_28",8
"inaug_GeorgeBush_1_29",8
"inaug_GeorgeBush_1_30",8
"inaug_GeorgeBush_1_31",8
"inaug_GeorgeBush_1_32",8
"inaug_GeorgeBush_1_33",8
"inaug_GeorgeBush_1_34",8
"inaug_GeorgeBush_1_35",8
"inaug_GeorgeBush_1_36",4
"inaug_GeorgeBush_1_37",4
"inaug_GeorgeBush_1_38",4
"inaug_GeorgeBush_1_39",4
"inaug_GeorgeBush_1_40",4
"inaug_GeorgeBush_1_41",6
"inaug_GeorgeBush_1_42",6
"inaug_GeorgeBush_1_43",6
"inaug_GeorgeBush_1_44",6
"inaug_GeorgeBush_1_45",6
"inaug_GeorgeBush_1_46",6
"inaug_GeorgeBush_1_47",6
"inaug_GeorgeBush_1_48",15
"inaug_GeorgeBush_1_49",10
"inaug_GeorgeBush_1_50",9
"inaug_GeorgeBush_1_51",15
"inaug_GeorgeBush_1_52",15
"inaug_GeorgeBush_1_53",15
"inaug_GeorgeBush_1_54",1
"inaug_GeorgeBush_1_55",6
"inaug_GeorgeBush_1_56",6
"inaug_GeorgeBush_1_57",6
"inaug_GeorgeBush_1_58",8
"inaug_GeorgeBush_1_59",8
"inaug_GeorgeBush_1_60",8
"inaug_GeorgeBush_1_61",1
"inaug_GeorgeBush_1_62",7
"inaug_GeorgeBush_1_63",7
"inaug_GeorgeBush_1_64",7
"inaug_GeorgeBush_1_65",15
"inaug_GeorgeBush_1_66",7
"inaug_GeorgeBush_1_67",5
"inaug_GeorgeBush_1_68",6
"inaug_GeorgeBush_1_69",6
"inaug_GeorgeBush_1_70",6
"inaug_GeorgeBush_1_71",6
"inaug_GeorgeBush_1_72",6
"inaug_GeorgeBush_1_73",1
"inaug_GeorgeBush_1_74",1
"inaug_GeorgeBush_1_75",1
"inaug_GeorgeBush_1_76",10
"inaug_GeorgeBush_1_77",10
"inaug_GeorgeBush_1_78",10
"inaug_GeorgeBush_1_79",10
"inaug_GeorgeBush_1_80",13
"inaug_GeorgeBush_1_81",10
"inaug_GeorgeBush_1_82",7
"inaug_GeorgeBush_1_83",7
"inaug_GeorgeBush_1_84",7
"inaug_GeorgeBush_1_85",10
"inaug_GeorgeBush_1_86",10
"inaug_GeorgeBush_1_87",4
"inaug_GeorgeBush_1_88",15
"inaug_GeorgeBush_1_89",15
"inaug_GeorgeBush_1_90",15
"inaug_GeorgeBush_1_91",12
"inaug_GeorgeBush_1_92",11
"inaug_GeorgeBush_1_93",7
"inaug_GeorgeBush_1_94",11
"inaug_GeorgeBush_1_95",6
"inaug_GeorgeBush_1_96",13
"inaug_GeorgeBush_1_97",2
"inaug_GeorgeBush_1_98",7
"inaug_GeorgeBush_1_99",6
"inaug_GeorgeBush_1_100",2
"inaug_GeorgeBush_1_101",2
"inaug_GeorgeBush_1_102",15
"inaug_GeorgeBush_1_103",11
"inaug_GeorgeBush_1_104",11
"inaug_GeorgeBush_1_105",6
"inaug_GeorgeBush_1_106",15
"inaug_GeorgeBush_1_107",15
"inaug_GeorgeBush_1_108",15
"inaug_GeorgeBush_1_109",15
"inaug_GeorgeBush_1_110",15
"inaug_GeorgeBush_1_111",4
"inaug_GeorgeBush_1_112",4
"inaug_GeorgeBush_1_113",6
"inaug_GeorgeBush_1_114",6
"inaug_GeorgeBush_1_115",6
"inaug_GeorgeBush_1_116",4
"inaug_GeorgeBush_1_117",6
"inaug_GeorgeBush_1_118",15
"inaug_GeorgeBush_1_119",15
"inaug_GeorgeBush_1_120",15
"inaug_GeorgeBush_1_121",15
"inaug_GeorgeBush_1_122",8
"inaug_GeorgeBush_1_123",15
"inaug_GeorgeBush_1_124",3
"inaug_GeorgeBush_1_125",15
"inaug_GeorgeBush_1_126",11
"inaug_GeorgeBush_1_127",6
"inaug_GeorgeBush_1_128",15
"inaug_GeorgeBush_1_129",10
"inaug_GeorgeBush_1_130",10
"inaug_GeorgeBush_1_131",10
"inaug_GeorgeBush_1_132",10
"inaug_GeorgeBush_1_133",10
"inaug_GeorgeBush_1_134",10
"inaug_GeorgeBush_1_135",10
"inaug_GeorgeBush_1_136",11
"inaug_GeorgeBush_1_137",11
"inaug_GeorgeBush_1_138",11
"inaug_GeorgeBush_1_139",6
"inaug_GeorgeBush_1_140",6
"inaug_GeorgeBush_1_141",6
"inaug_GeorgeBush_1_142",6
"inaug_GeorgeBush_1_143",6
"inaug_GeorgeBush_1_144",6
"inaug_GeorgeBush_1_145",13
"inaug_GeorgeBush_1_146",15
"inaug_GeorgeBush_1_147",15
"inaug_GeorgeBush_1_148",7
"inaug_GeorgeBush_1_149",2
"inaug_GeorgeBush_1_150",6
"inaug_GeorgeBush_1_151",10
"inaug_GeorgeBush_1_152",6
"inaug_GeorgeBush_1_153",13
"inaug_GeorgeBush_1_154",15
"inaug_GeorgeBush_1_155",15
"inaug_GeorgeBush_1_156",7
"inaug_GeorgeBush_1_157",7
"inaug_GeorgeBush_1_158",10
"inaug_GeorgeBush_1_159",4
"inaug_GeorgeBush_1_160",4
"inaug_GeorgeBush_1_161",15
"inaug_GeorgeBush_1_162",15
"inaug_GeorgeBush_1_163",15
"inaug_GeorgeBush_1_164",4
"inaug_GeorgeBush_1_165",4
"inaug_WilliamJClinton_1_2",4
"inaug_WilliamJClinton_1_3",15
"inaug_WilliamJClinton_1_4",15
"inaug_WilliamJClinton_1_5",15
"inaug_WilliamJClinton_1_6",15
"inaug_WilliamJClinton_1_7",4
"inaug_WilliamJClinton_1_8",4
"inaug_WilliamJClinton_1_9",4
"inaug_WilliamJClinton_1_10",4
"inaug_WilliamJClinton_1_11",4
"inaug_WilliamJClinton_1_12",4
"inaug_WilliamJClinton_1_13",11
"inaug_WilliamJClinton_1_14",13
"inaug_WilliamJClinton_1_15",13
"inaug_WilliamJClinton_1_16",4
"inaug_WilliamJClinton_1_17",4
"inaug_WilliamJClinton_1_18",11
"inaug_WilliamJClinton_1_19",15
"inaug_WilliamJClinton_1_20",10
"inaug_WilliamJClinton_1_21",15
"inaug_WilliamJClinton_1_22",6
"inaug_WilliamJClinton_1_23",6
"inaug_WilliamJClinton_1_24",6
"inaug_WilliamJClinton_1_25",6
"inaug_WilliamJClinton_1_26",6
"inaug_WilliamJClinton_1_27",8
"inaug_WilliamJClinton_1_28",6
"inaug_WilliamJClinton_1_29",8
"inaug_WilliamJClinton_1_30",7
"inaug_WilliamJClinton_1_31",7
"inaug_WilliamJClinton_1_32",7
"inaug_WilliamJClinton_1_33",7
"inaug_WilliamJClinton_1_34",3
"inaug_WilliamJClinton_1_35",7
"inaug_WilliamJClinton_1_36",15
"inaug_WilliamJClinton_1_37",15
"inaug_WilliamJClinton_1_38",15
"inaug_WilliamJClinton_1_39",15
"inaug_WilliamJClinton_1_40",7
"inaug_WilliamJClinton_1_41",7
"inaug_WilliamJClinton_1_42",7
"inaug_WilliamJClinton_1_43",7
"inaug_WilliamJClinton_1_44",7
"inaug_WilliamJClinton_1_45",7
"inaug_WilliamJClinton_1_46",7
"inaug_WilliamJClinton_1_47",6
"inaug_WilliamJClinton_1_48",7
"inaug_WilliamJClinton_1_49",7
"inaug_WilliamJClinton_1_50",7
"inaug_WilliamJClinton_1_51",10
"inaug_WilliamJClinton_1_52",10
"inaug_WilliamJClinton_1_53",4
"inaug_WilliamJClinton_1_54",5
"inaug_WilliamJClinton_1_55",5
"inaug_WilliamJClinton_1_56",5
"inaug_WilliamJClinton_1_57",15
"inaug_WilliamJClinton_1_58",15
"inaug_WilliamJClinton_1_59",15
"inaug_WilliamJClinton_1_60",15
"inaug_WilliamJClinton_1_61",15
"inaug_WilliamJClinton_1_62",6
"inaug_WilliamJClinton_1_63",9
"inaug_WilliamJClinton_1_64",11
"inaug_WilliamJClinton_1_65",11
"inaug_WilliamJClinton_1_66",10
"inaug_WilliamJClinton_1_67",15
"inaug_WilliamJClinton_1_68",15
"inaug_WilliamJClinton_1_69",15
"inaug_WilliamJClinton_1_70",15
"inaug_WilliamJClinton_1_71",15
"inaug_WilliamJClinton_1_72",15
"inaug_WilliamJClinton_1_73",11
"inaug_WilliamJClinton_1_74",15
"inaug_WilliamJClinton_1_75",15
"inaug_WilliamJClinton_1_76",15
"inaug_WilliamJClinton_1_77",4
"inaug_WilliamJClinton_1_78",11
"inaug_WilliamJClinton_1_79",4
"inaug_WilliamJClinton_1_80",15
"inaug_WilliamJClinton_1_81",15
"inaug_WilliamJClinton_1_82",15
"inaug_WilliamJClinton_1_83",15
"inaug_WilliamJClinton_1_84",15
"inaug_WilliamJClinton_1_85",15
"inaug_WilliamJClinton_1_86",15
"inaug_WilliamJClinton_1_87",6
"inaug_WilliamJClinton_1_88",6
"inaug_WilliamJClinton_1_89",6
"inaug_WilliamJClinton_1_90",15
"inaug_WilliamJClinton_1_91",15
"inaug_WilliamJClinton_1_92",15
"inaug_WilliamJClinton_1_93",15
"inaug_WilliamJClinton_1_94",15
"inaug_WilliamJClinton_1_95",15
"inaug_WilliamJClinton_1_96",15
"inaug_WilliamJClinton_1_97",15
"inaug_WilliamJClinton_1_98",15
"inaug_WilliamJClinton_1_99",4
"inaug_WilliamJClinton_1_100",4
"inaug_WilliamJClinton_1_101",4
"inaug_GeorgeWBush_1_2",4
"inaug_GeorgeWBush_1_3",4
"inaug_GeorgeWBush_1_4",4
"inaug_GeorgeWBush_1_5",4
"inaug_GeorgeWBush_1_6",4
"inaug_GeorgeWBush_1_7",15
"inaug_GeorgeWBush_1_8",15
"inaug_GeorgeWBush_1_9",15
"inaug_GeorgeWBush_1_10",15
"inaug_GeorgeWBush_1_11",15
"inaug_GeorgeWBush_1_12",7
"inaug_GeorgeWBush_1_13",5
"inaug_GeorgeWBush_1_14",5
"inaug_GeorgeWBush_1_15",9
"inaug_GeorgeWBush_1_16",4
"inaug_GeorgeWBush_1_17",4
"inaug_GeorgeWBush_1_18",2
"inaug_GeorgeWBush_1_19",6
"inaug_GeorgeWBush_1_20",8
"inaug_GeorgeWBush_1_21",10
"inaug_GeorgeWBush_1_22",10
"inaug_GeorgeWBush_1_23",11
"inaug_GeorgeWBush_1_24",11
"inaug_GeorgeWBush_1_25",6
"inaug_GeorgeWBush_1_26",15
"inaug_GeorgeWBush_1_27",7
"inaug_GeorgeWBush_1_28",7
"inaug_GeorgeWBush_1_29",7
"inaug_GeorgeWBush_1_30",7
"inaug_GeorgeWBush_1_31",7
"inaug_GeorgeWBush_1_32",7
"inaug_GeorgeWBush_1_33",10
"inaug_GeorgeWBush_1_34",8
"inaug_GeorgeWBush_1_35",10
"inaug_GeorgeWBush_1_36",10
"inaug_GeorgeWBush_1_37",6
"inaug_GeorgeWBush_1_38",6
"inaug_GeorgeWBush_1_39",2
"inaug_GeorgeWBush_1_40",5
"inaug_GeorgeWBush_1_41",9
"inaug_GeorgeWBush_1_42",7
"inaug_GeorgeWBush_1_43",7
"inaug_GeorgeWBush_1_44",7
"inaug_GeorgeWBush_1_45",7
"inaug_GeorgeWBush_1_46",7
"inaug_GeorgeWBush_1_47",6
"inaug_GeorgeWBush_1_48",15
"inaug_GeorgeWBush_1_49",15
"inaug_GeorgeWBush_1_50",15
"inaug_GeorgeWBush_1_51",15
"inaug_GeorgeWBush_1_52",10
"inaug_GeorgeWBush_1_53",10
"inaug_GeorgeWBush_1_54",10
"inaug_GeorgeWBush_1_55",10
"inaug_GeorgeWBush_1_56",10
"inaug_GeorgeWBush_1_57",11
"inaug_GeorgeWBush_1_58",11
"inaug_GeorgeWBush_1_59",8
"inaug_GeorgeWBush_1_60",12
"inaug_GeorgeWBush_1_61",5
"inaug_GeorgeWBush_1_62",9
"inaug_GeorgeWBush_1_63",13
"inaug_GeorgeWBush_1_64",13
"inaug_GeorgeWBush_1_65",1
"inaug_GeorgeWBush_1_66",7
"inaug_GeorgeWBush_1_67",1
"inaug_GeorgeWBush_1_68",2
"inaug_GeorgeWBush_1_69",3
"inaug_GeorgeWBush_1_70",3
"inaug_GeorgeWBush_1_71",15
"inaug_GeorgeWBush_1_72",15
"inaug_GeorgeWBush_1_73",15
"inaug_GeorgeWBush_1_74",7
"inaug_GeorgeWBush_1_75",7
"inaug_GeorgeWBush_1_76",6
"inaug_GeorgeWBush_1_77",7
"inaug_GeorgeWBush_1_78",6
"inaug_GeorgeWBush_1_79",6
"inaug_GeorgeWBush_1_80",6
"inaug_GeorgeWBush_1_81",6
"inaug_GeorgeWBush_1_82",7
"inaug_GeorgeWBush_1_83",7
"inaug_GeorgeWBush_1_84",7
"inaug_GeorgeWBush_1_85",4
"inaug_GeorgeWBush_1_86",4
"inaug_GeorgeWBush_1_87",3
"inaug_GeorgeWBush_1_88",12
"inaug_GeorgeWBush_1_89",12
"inaug_GeorgeWBush_1_90",8
"inaug_GeorgeWBush_1_91",8
"inaug_GeorgeWBush_1_92",8
"inaug_GeorgeWBush_1_93",1
"inaug_GeorgeWBush_1_94",4
"inaug_GeorgeWBush_1_95",4
"inaug_GeorgeWBush_1_96",15
"inaug_GeorgeWBush_1_97",15
"inaug_GeorgeWBush_1_98",5
"inaug_GeorgeWBush_1_99",7
"inaug_GeorgeWBush_1_100",4
"inaug_GeorgeWBush_1_101",15
"inaug_BarackObama_1_2",4
"inaug_BarackObama_1_3",4
"inaug_BarackObama_1_4",4
"inaug_BarackObama_1_5",4
"inaug_BarackObama_1_6",4
"inaug_BarackObama_1_7",7
"inaug_BarackObama_1_8",7
"inaug_BarackObama_1_9",15
"inaug_BarackObama_1_10",10
"inaug_BarackObama_1_11",6
"inaug_BarackObama_1_12",6
"inaug_BarackObama_1_13",6
"inaug_BarackObama_1_14",6
"inaug_BarackObama_1_15",11
"inaug_BarackObama_1_16",10
"inaug_BarackObama_1_17",10
"inaug_BarackObama_1_18",7
"inaug_BarackObama_1_19",10
"inaug_BarackObama_1_20",10
"inaug_BarackObama_1_21",10
"inaug_BarackObama_1_22",11
"inaug_BarackObama_1_23",7
"inaug_BarackObama_1_24",7
"inaug_BarackObama_1_25",7
"inaug_BarackObama_1_26",7
"inaug_BarackObama_1_27",7
"inaug_BarackObama_1_28",8
"inaug_BarackObama_1_29",8
"inaug_BarackObama_1_30",8
"inaug_BarackObama_1_31",8
"inaug_BarackObama_1_32",4
"inaug_BarackObama_1_33",4
"inaug_BarackObama_1_34",6
"inaug_BarackObama_1_35",15
"inaug_BarackObama_1_36",15
"inaug_BarackObama_1_37",4
"inaug_BarackObama_1_38",10
"inaug_BarackObama_1_39",4
"inaug_BarackObama_1_40",11
"inaug_BarackObama_1_41",4
"inaug_BarackObama_1_42",15
"inaug_BarackObama_1_43",7
"inaug_BarackObama_1_44",15
"inaug_BarackObama_1_45",15
"inaug_BarackObama_1_46",6
"inaug_BarackObama_1_47",13
"inaug_BarackObama_1_48",6
"inaug_BarackObama_1_49",10
"inaug_BarackObama_1_50",3
"inaug_BarackObama_1_51",1
"inaug_BarackObama_1_52",6
"inaug_BarackObama_1_53",8
"inaug_BarackObama_1_54",8
"inaug_BarackObama_1_55",8
"inaug_BarackObama_1_56",6
"inaug_BarackObama_1_57",6
"inaug_BarackObama_1_58",1
"inaug_BarackObama_1_59",1
"inaug_BarackObama_1_60",1
"inaug_BarackObama_1_61",10
"inaug_BarackObama_1_62",8
"inaug_BarackObama_1_63",10
"inaug_BarackObama_1_64",10
"inaug_BarackObama_1_65",7
"inaug_BarackObama_1_66",7
"inaug_BarackObama_1_67",7
"inaug_BarackObama_1_68",7
"inaug_BarackObama_1_69",7
"inaug_BarackObama_1_70",13
"inaug_BarackObama_1_71",3
"inaug_BarackObama_1_72",3
"inaug_BarackObama_1_73",3
"inaug_BarackObama_1_74",7
"inaug_BarackObama_1_75",15
"inaug_BarackObama_1_76",15
"inaug_BarackObama_1_77",15
"inaug_BarackObama_1_78",10
"inaug_BarackObama_1_79",11
"inaug_BarackObama_1_80",3
"inaug_BarackObama_1_81",11
"inaug_BarackObama_1_82",3
"inaug_BarackObama_1_83",15
"inaug_BarackObama_1_84",15
"inaug_BarackObama_1_85",11
"inaug_BarackObama_1_86",11
"inaug_BarackObama_1_87",11
"inaug_BarackObama_1_88",15
"inaug_BarackObama_1_89",15
"inaug_BarackObama_1_90",15
"inaug_BarackObama_1_91",15
"inaug_BarackObama_1_92",5
"inaug_BarackObama_1_93",5
"inaug_BarackObama_1_94",15
"inaug_BarackObama_1_95",15
"inaug_BarackObama_1_96",15
"inaug_BarackObama_1_97",15
"inaug_BarackObama_1_98",1
"inaug_BarackObama_1_99",6
"inaug_BarackObama_1_100",6
"inaug_BarackObama_1_101",3
"inaug_BarackObama_1_102",15
"inaug_BarackObama_1_103",5
"inaug_BarackObama_1_104",7
"inaug_BarackObama_1_105",5
"inaug_BarackObama_1_106",6
"inaug_BarackObama_1_107",4
"inaug_BarackObama_1_108",4
"inaug_BarackObama_1_109",4
"inaug_BarackObama_1_110",4
"inaug_BarackObama_1_111",6
"inaug_BarackObama_1_112",6
"inaug_BarackObama_1_113",3
"inaug_BarackObama_1_114",4
"inaug_BarackObama_1_116",7
"inaug_BarackObama_1_118",7
"inaug_BarackObama_1_119",7
"inaug_BarackObama_1_120",15
"inaug_BarackObama_1_121",15
"inaug_BarackObama_1_122",7
"inaug_BarackObama_1_123",4
"inaug_BarackObama_1_124",4
"inaug_DonaldJTrump_1_2",4
"inaug_DonaldJTrump_1_3",10
"inaug_DonaldJTrump_1_4",10
"inaug_DonaldJTrump_1_5",10
"inaug_DonaldJTrump_1_6",4
"inaug_DonaldJTrump_1_7",4
"inaug_DonaldJTrump_1_8",4
"inaug_DonaldJTrump_1_9",2
"inaug_DonaldJTrump_1_10",4
"inaug_DonaldJTrump_1_11",6
"inaug_DonaldJTrump_1_12",6
"inaug_DonaldJTrump_1_13",4
"inaug_DonaldJTrump_1_14",4
"inaug_DonaldJTrump_1_15",4
"inaug_DonaldJTrump_1_16",4
"inaug_DonaldJTrump_1_17",4
"inaug_DonaldJTrump_1_18",15
"inaug_DonaldJTrump_1_19",4
"inaug_DonaldJTrump_1_20",4
"inaug_DonaldJTrump_1_21",2
"inaug_DonaldJTrump_1_22",9
"inaug_DonaldJTrump_1_23",6
"inaug_DonaldJTrump_1_24",6
"inaug_DonaldJTrump_1_25",6
"inaug_DonaldJTrump_1_26",6
"inaug_DonaldJTrump_1_27",6
"inaug_DonaldJTrump_1_28",6
"inaug_DonaldJTrump_1_29",6
"inaug_DonaldJTrump_1_30",6
"inaug_DonaldJTrump_1_31",6
"inaug_DonaldJTrump_1_32",6
"inaug_DonaldJTrump_1_33",6
"inaug_DonaldJTrump_1_34",6
"inaug_DonaldJTrump_1_35",6
"inaug_DonaldJTrump_1_36",15
"inaug_DonaldJTrump_1_37",6
"inaug_DonaldJTrump_1_38",6
"inaug_DonaldJTrump_1_39",6
"inaug_DonaldJTrump_1_40",6
"inaug_DonaldJTrump_1_41",6
"inaug_DonaldJTrump_1_42",6
"inaug_DonaldJTrump_1_43",6
"inaug_DonaldJTrump_1_44",7
"inaug_DonaldJTrump_1_45",15
"inaug_DonaldJTrump_1_46",15
"inaug_DonaldJTrump_1_47",4
"inaug_DonaldJTrump_1_48",4
"inaug_DonaldJTrump_1_49",15
"inaug_DonaldJTrump_1_50",15
"inaug_DonaldJTrump_1_51",10
"inaug_DonaldJTrump_1_52",10
"inaug_DonaldJTrump_1_53",10
"inaug_DonaldJTrump_1_54",10
"inaug_DonaldJTrump_1_55",10
"inaug_DonaldJTrump_1_56",10
"inaug_DonaldJTrump_1_57",15
"inaug_DonaldJTrump_1_58",15
"inaug_DonaldJTrump_1_59",15
"inaug_DonaldJTrump_1_60",15
"inaug_DonaldJTrump_1_61",15
"inaug_DonaldJTrump_1_62",15
"inaug_DonaldJTrump_1_63",15
"inaug_DonaldJTrump_1_64",10
"inaug_DonaldJTrump_1_65",10
"inaug_DonaldJTrump_1_66",10
"inaug_DonaldJTrump_1_67",10
"inaug_DonaldJTrump_1_68",10
"inaug_DonaldJTrump_1_69",12
"inaug_DonaldJTrump_1_70",6
"inaug_DonaldJTrump_1_71",10
"inaug_DonaldJTrump_1_72",8
"inaug_DonaldJTrump_1_73",8
"inaug_DonaldJTrump_1_74",10
"inaug_DonaldJTrump_1_75",1
"inaug_DonaldJTrump_1_76",10
"inaug_DonaldJTrump_1_77",10
"inaug_DonaldJTrump_1_78",10
"inaug_DonaldJTrump_1_79",10
"inaug_DonaldJTrump_1_80",15
"inaug_DonaldJTrump_1_81",15
"inaug_DonaldJTrump_1_82",15
"inaug_DonaldJTrump_1_83",15
"inaug_DonaldJTrump_1_84",15
"inaug_DonaldJTrump_1_85",15
"inaug_DonaldJTrump_1_86",10
"inaug_DonaldJTrump_1_87",10
"inaug_DonaldJTrump_1_88",10
"inaug_DonaldJTrump_1_89",10
"inaug_DonaldJTrump_1_90",10
"inaug_DonaldJTrump_1_91",10
"inaug_DonaldJTrump_1_92",4
"inaug_DonaldJTrump_1_93",4
"inaug_DonaldJTrump_1_94",5
